DATE,BALANCE,EQUITY,DEPOSIT_LOAD,Trade_Profit,Equity,Peak_Equity,Drawdown_USD,Drawdown_Pct,Trade_Return_Pct
2021-01-01 00:00:00,10000.0,10000.0,0.0,0.0,10000.0,10000.0,0.0,0.0,0.0
2021-01-08 02:10:00,9900.42,10010.27,1.244,-99.57999999999993,9900.42,10000.0,-99.57999999999993,-0.9957999999999992,-0.9957999999999992
2021-01-08 06:34:00,9900.42,9900.81,0.0,0.0,9900.42,10000.0,-99.57999999999993,-0.9957999999999992,0.0
2021-01-08 06:36:00,9900.42,9900.42,0.0,0.0,9900.42,10000.0,-99.57999999999993,-0.9957999999999992,0.0
2021-01-15 11:49:00,9796.96,10024.32,1.2906,-103.46000000000095,9796.96,10000.0,-203.04000000000087,-2.0304000000000086,-1.045006171455362
2021-01-15 15:44:00,9796.96,9820.62,0.0,0.0,9796.96,10000.0,-203.04000000000087,-2.0304000000000086,0.0
2021-01-15 15:45:00,9796.96,9796.96,0.0,0.0,9796.96,10000.0,-203.04000000000087,-2.0304000000000086,0.0
2021-01-22 02:06:00,9699.72,9801.77,1.2399,-97.23999999999978,9699.72,10000.0,-300.28000000000065,-3.0028000000000064,-0.9925527918864606
2021-01-22 04:51:00,9699.72,9702.58,0.0,0.0,9699.72,10000.0,-300.28000000000065,-3.0028000000000064,0.0
2021-01-22 04:58:00,9699.72,9699.72,0.0,0.0,9699.72,10000.0,-300.28000000000065,-3.0028000000000064,0.0
2021-01-29 03:07:00,10009.68,9623.56,0.0,309.96000000000095,10009.68,10009.68,0.0,0.0,3.1955561603840206
2021-01-29 14:42:00,10009.68,10007.58,1.2905,0.0,10009.68,10009.68,0.0,0.0,0.0
2021-01-29 14:43:00,10009.68,10009.68,0.0,0.0,10009.68,10009.68,0.0,0.0,0.0
2021-02-05 03:07:00,10209.04,9942.76,0.0,199.36000000000058,10209.04,10209.04,0.0,0.0,1.9916720614445276
2021-02-05 19:16:00,10209.04,10267.14,1.225,0.0,10209.04,10209.04,0.0,0.0,0.0
2021-02-05 23:00:00,10209.04,10209.04,0.0,0.0,10209.04,10209.04,0.0,0.0,0.0
2021-02-12 02:14:00,10106.7,10223.74,1.2508,-102.34000000000015,10106.7,10209.04,-102.34000000000015,-1.0024448919780913,-1.0024448919780913
2021-02-12 04:52:00,10106.7,10110.34,0.0,0.0,10106.7,10209.04,-102.34000000000015,-1.0024448919780913,0.0
2021-02-12 04:53:00,10106.7,10106.7,0.0,0.0,10106.7,10209.04,-102.34000000000015,-1.0024448919780913,0.0
2021-02-19 02:17:00,10007.58,10148.84,1.2208,-99.1200000000008,10007.58,10209.04,-201.46000000000095,-1.9733491102003806,-0.9807355516637556
2021-02-19 03:07:00,10007.58,10009.68,0.0,0.0,10007.58,10209.04,-201.46000000000095,-1.9733491102003806,0.0
2021-02-19 03:10:00,10007.58,10007.58,0.0,0.0,10007.58,10209.04,-201.46000000000095,-1.9733491102003806,0.0
2021-02-26 04:47:00,9908.6,10109.92,1.2245,-98.97999999999956,9908.6,10209.04,-300.4400000000005,-2.942881994781101,-0.9890502998726921
2021-02-26 07:30:00,9908.6,9960.12,0.0,0.0,9908.6,10209.04,-300.4400000000005,-2.942881994781101,0.0
2021-02-26 07:31:00,9908.6,9908.6,0.0,0.0,9908.6,10209.04,-300.4400000000005,-2.942881994781101,0.0
2021-03-05 15:32:00,9985.1,9820.85,0.0,76.5,9985.1,10209.04,-223.9400000000005,-2.1935461120732263,0.7720565972993156
2021-03-05 16:20:00,9985.1,10129.25,1.2535,0.0,9985.1,10209.04,-223.9400000000005,-2.1935461120732263,0.0
2021-03-05 23:00:00,9985.1,9985.1,0.0,0.0,9985.1,10209.04,-223.9400000000005,-2.1935461120732263,0.0
2021-03-12 03:35:00,9888.5,10034.38,1.203,-96.60000000000036,9888.5,10209.04,-320.5400000000009,-3.1397663247474874,-0.9674414878168508
2021-03-12 05:00:00,9888.5,9894.8,0.0,0.0,9888.5,10209.04,-320.5400000000009,-3.1397663247474874,0.0
2021-03-12 05:01:00,9888.5,9888.5,0.0,0.0,9888.5,10209.04,-320.5400000000009,-3.1397663247474874,0.0
2021-03-19 04:22:00,10000.5,9803.38,0.0,112.0,10000.5,10209.04,-208.54000000000087,-2.0426994115019714,1.1326288112453862
2021-03-19 10:39:00,10000.5,10040.54,1.2093,0.0,10000.5,10209.04,-208.54000000000087,-2.0426994115019714,0.0
2021-03-19 23:00:00,10000.5,10000.5,0.0,0.0,10000.5,10209.04,-208.54000000000087,-2.0426994115019714,0.0
2021-03-26 14:30:00,10055.8,9914.12,0.0,55.29999999999927,10055.8,10209.04,-153.2400000000016,-1.5010226230870052,0.5529723513824236
2021-03-26 18:16:00,10055.8,10125.8,1.1944,0.0,10055.8,10209.04,-153.2400000000016,-1.5010226230870052,0.0
2021-03-26 23:00:00,10055.8,10055.8,0.0,0.0,10055.8,10209.04,-153.2400000000016,-1.5010226230870052,0.0
2021-04-09 04:26:00,9957.52,10086.04,1.2181,-98.27999999999884,9957.52,10209.04,-251.52000000000044,-2.463698839459934,-0.9773464070486568
2021-04-09 09:19:00,9957.52,9960.6,0.0,0.0,9957.52,10209.04,-251.52000000000044,-2.463698839459934,0.0
2021-04-09 09:20:00,9957.52,9957.52,0.0,0.0,9957.52,10209.04,-251.52000000000044,-2.463698839459934,0.0
2021-04-16 05:45:00,10135.46,9909.36,0.0,177.9399999999987,10135.46,10209.04,-73.58000000000175,-0.7207337810411335,1.786991138355722
2021-04-16 15:41:00,10135.46,10246.48,1.2045,0.0,10135.46,10209.04,-73.58000000000175,-0.7207337810411335,0.0
2021-04-16 23:00:00,10135.46,10135.46,0.0,0.0,10135.46,10209.04,-73.58000000000175,-0.7207337810411335,0.0
2021-04-23 16:03:00,10035.5,10294.5,1.2135,-99.95999999999913,10035.5,10209.04,-173.54000000000087,-1.6998660011127475,-0.9862403877080974
2021-04-23 17:01:00,10035.5,10057.2,0.0,0.0,10035.5,10209.04,-173.54000000000087,-1.6998660011127475,0.0
2021-04-23 17:02:00,10035.5,10035.5,0.0,0.0,10035.5,10209.04,-173.54000000000087,-1.6998660011127475,0.0
2021-04-30 02:48:00,9936.24,10045.72,1.2354,-99.26000000000022,9936.24,10209.04,-272.8000000000011,-2.6721415529765884,-0.9890887349907849
2021-04-30 06:23:00,9936.24,9940.58,0.0,0.0,9936.24,10209.04,-272.8000000000011,-2.6721415529765884,0.0
2021-04-30 06:24:00,9936.24,9936.24,0.0,0.0,9936.24,10209.04,-272.8000000000011,-2.6721415529765884,0.0
2021-05-07 04:07:00,10241.16,9907.4,0.0,304.9200000000001,10241.16,10241.16,0.0,0.0,3.0687664549165485
2021-05-07 15:35:00,10241.16,10238.22,1.2409,0.0,10241.16,10241.16,0.0,0.0,0.0
2021-05-07 15:36:00,10241.16,10241.16,0.0,0.0,10241.16,10241.16,0.0,0.0,0.0
2021-05-14 06:10:00,10479.02,10147.36,0.0,237.86000000000058,10479.02,10479.02,0.0,0.0,2.3225884567763866
2021-05-14 22:59:00,10479.02,10481.82,1.2197,0.0,10479.02,10479.02,0.0,0.0,0.0
2021-05-14 23:00:00,10479.02,10479.02,0.0,0.0,10479.02,10479.02,0.0,0.0,0.0
2021-05-21 16:07:00,10522.96,10649.97,1.1451,43.93999999999869,10522.96,10522.96,0.0,0.0,0.4193140198224518
2021-05-21 19:15:00,10522.96,10399.46,0.0,0.0,10522.96,10522.96,0.0,0.0,0.0
2021-05-21 23:00:00,10522.96,10522.96,0.0,0.0,10522.96,10522.96,0.0,0.0,0.0
2021-05-28 02:46:00,10424.29,10540.38,1.17,-98.66999999999825,10424.29,10522.96,-98.66999999999825,-0.937663927259994,-0.937663927259994
2021-05-28 08:20:00,10424.29,10428.58,0.0,0.0,10424.29,10522.96,-98.66999999999825,-0.937663927259994,0.0
2021-05-28 08:21:00,10424.29,10424.29,0.0,0.0,10424.29,10522.96,-98.66999999999825,-0.937663927259994,0.0
2021-06-04 04:04:00,10326.92,10427.8,1.1667,-97.3700000000008,10326.92,10522.96,-196.03999999999905,-1.862973916084439,-0.9340684113738278
2021-06-04 04:54:00,10326.92,10333.03,0.0,0.0,10326.92,10522.96,-196.03999999999905,-1.862973916084439,0.0
2021-06-04 04:55:00,10326.92,10326.92,0.0,0.0,10326.92,10522.96,-196.03999999999905,-1.862973916084439,0.0
2021-06-11 10:21:00,10228.12,10378.92,1.1892,-98.79999999999927,10228.12,10522.96,-294.8399999999983,-2.801873237188,-0.9567228176455252
2021-06-11 12:23:00,10228.12,10231.37,0.0,0.0,10228.12,10522.96,-294.8399999999983,-2.801873237188,0.0
2021-06-11 12:27:00,10228.12,10228.12,0.0,0.0,10228.12,10522.96,-294.8399999999983,-2.801873237188,0.0
2021-06-18 02:33:00,10526.46,10197.46,0.0,298.3399999999983,10526.46,10526.46,0.0,0.0,2.9168605765282214
2021-06-18 11:01:00,10526.46,10491.88,1.1848,0.0,10526.46,10526.46,0.0,0.0,0.0
2021-06-18 12:55:00,10526.46,10526.46,0.0,0.0,10526.46,10526.46,0.0,0.0,0.0
2021-06-25 03:54:00,10575.32,10497.48,0.0,48.86000000000058,10575.32,10575.32,0.0,0.0,0.4641636409581244
2021-06-25 15:34:00,10575.32,10730.58,1.1584,0.0,10575.32,10575.32,0.0,0.0,0.0
2021-06-25 23:00:00,10575.32,10575.32,0.0,0.0,10575.32,10575.32,0.0,0.0,0.0
2021-07-02 10:15:00,10732.12,10542.56,0.0,156.8000000000011,10732.12,10732.12,0.0,0.0,1.4826974502899306
2021-07-02 16:10:00,10732.12,10833.48,1.1479,0.0,10732.12,10732.12,0.0,0.0,0.0
2021-07-02 23:00:00,10732.12,10732.12,0.0,0.0,10732.12,10732.12,0.0,0.0,0.0
2021-07-09 09:37:00,10799.6,10640.98,0.0,67.47999999999956,10799.6,10799.6,0.0,0.0,0.6287667301521
2021-07-09 21:08:00,10799.6,10861.06,1.1621,0.0,10799.6,10799.6,0.0,0.0,0.0
2021-07-09 23:00:00,10799.6,10799.6,0.0,0.0,10799.6,10799.6,0.0,0.0,0.0
2021-07-16 02:25:00,10697.12,10820.46,1.1841,-102.47999999999956,10697.12,10799.6,-102.47999999999956,-0.9489240342234856,-0.9489240342234856
2021-07-16 09:53:00,10697.12,10702.86,0.0,0.0,10697.12,10799.6,-102.47999999999956,-0.9489240342234856,0.0
2021-07-16 10:00:00,10697.12,10697.12,0.0,0.0,10697.12,10799.6,-102.47999999999956,-0.9489240342234856,0.0
2021-07-23 10:58:00,10595.9,10731.56,1.1792,-101.22000000000116,10595.9,10799.6,-203.70000000000073,-1.8861809696655498,-0.9462359962307719
2021-07-23 12:58:00,10595.9,10597.02,0.0,0.0,10595.9,10799.6,-203.70000000000073,-1.8861809696655498,0.0
2021-07-23 13:01:00,10595.9,10595.9,0.0,0.0,10595.9,10799.6,-203.70000000000073,-1.8861809696655498,0.0
2021-07-30 10:25:00,10493.42,10620.68,1.2059,-102.47999999999956,10493.42,10799.6,-306.1800000000003,-2.8351050038890357,-0.9671665455506333
2021-07-30 15:52:00,10493.42,10497.2,0.0,0.0,10493.42,10799.6,-306.1800000000003,-2.8351050038890357,0.0
2021-07-30 15:53:00,10493.42,10493.42,0.0,0.0,10493.42,10799.6,-306.1800000000003,-2.8351050038890357,0.0
2021-08-06 13:40:00,10392.34,10393.74,0.0,-101.07999999999993,10392.34,10799.6,-407.2600000000002,-3.7710655950220398,-0.9632703160647331
2021-08-06 13:50:00,10392.34,10392.34,0.0,0.0,10392.34,10799.6,-407.2600000000002,-3.7710655950220398,0.0
2021-08-13 04:09:00,10687.04,10362.66,0.0,294.7000000000007,10687.04,10799.6,-112.55999999999949,-1.0422608244749758,2.8357424795570654
2021-08-13 17:16:00,10687.04,10684.24,1.149,0.0,10687.04,10799.6,-112.55999999999949,-1.0422608244749758,0.0
2021-08-13 18:15:00,10687.04,10687.04,0.0,0.0,10687.04,10799.6,-112.55999999999949,-1.0422608244749758,0.0
2021-08-20 10:39:00,10709.3,10792.6,1.1551,22.2599999999984,10709.3,10799.6,-90.30000000000109,-0.8361420793362818,0.20828966673651822
2021-08-20 17:32:00,10709.3,10651.62,0.0,0.0,10709.3,10799.6,-90.30000000000109,-0.8361420793362818,0.0
2021-08-20 23:00:00,10709.3,10709.3,0.0,0.0,10709.3,10799.6,-90.30000000000109,-0.8361420793362818,0.0
2021-08-27 09:32:00,10608.92,10879.12,1.1537,-100.3799999999992,10608.92,10799.6,-190.6800000000003,-1.7656209489240369,-0.9373161644551857
2021-08-27 16:39:00,10608.92,10635.52,0.0,0.0,10608.92,10799.6,-190.6800000000003,-1.7656209489240369,0.0
2021-08-27 17:00:00,10608.92,10608.92,0.0,0.0,10608.92,10799.6,-190.6800000000003,-1.7656209489240369,0.0
2021-09-03 03:05:00,10912.86,10600.38,0.0,303.9400000000005,10912.86,10912.86,0.0,0.0,2.8649476101243154
2021-09-03 17:42:00,10912.86,10911.46,1.1609,0.0,10912.86,10912.86,0.0,0.0,0.0
2021-09-03 18:06:00,10912.86,10912.86,0.0,0.0,10912.86,10912.86,0.0,0.0,0.0
2021-09-10 08:43:00,10812.34,11030.46,1.1394,-100.52000000000044,10812.34,10912.86,-100.52000000000044,-0.9211150880704089,-0.9211150880704089
2021-09-10 21:09:00,10812.34,10812.48,0.0,0.0,10812.34,10912.86,-100.52000000000044,-0.9211150880704089,0.0
2021-09-10 22:29:00,10812.34,10812.34,0.0,0.0,10812.34,10912.86,-100.52000000000044,-0.9211150880704089,0.0
2021-09-17 12:55:00,10779.58,11003.58,1.1157,-32.76000000000022,10779.58,10912.86,-133.28000000000065,-1.2213113702549163,-0.30298714246869984
2021-09-17 17:17:00,10779.58,10721.06,0.0,0.0,10779.58,10912.86,-133.28000000000065,-1.2213113702549163,0.0
2021-09-17 23:00:00,10779.58,10779.58,0.0,0.0,10779.58,10912.86,-133.28000000000065,-1.2213113702549163,0.0
2021-09-24 14:04:00,10803.38,10955.56,1.115,23.799999999999272,10803.38,10912.86,-109.48000000000138,-1.0032200541379745,0.22078782290218427
2021-09-24 16:45:00,10803.38,10715.04,0.0,0.0,10803.38,10912.86,-109.48000000000138,-1.0032200541379745,0.0
2021-09-24 23:00:00,10803.38,10803.38,0.0,0.0,10803.38,10912.86,-109.48000000000138,-1.0032200541379745,0.0
2021-10-01 15:16:00,10864.84,10721.2,0.0,61.460000000000946,10864.84,10912.86,-48.02000000000044,-0.4400313025183173,0.5688960306867012
2021-10-01 17:34:00,10864.84,10925.32,1.1248,0.0,10864.84,10912.86,-48.02000000000044,-0.4400313025183173,0.0
2021-10-01 23:00:00,10864.84,10864.84,0.0,0.0,10864.84,10912.86,-48.02000000000044,-0.4400313025183173,0.0
2021-10-08 03:20:00,11159.68,10845.66,0.0,294.84000000000015,11159.68,11159.68,0.0,0.0,2.713707703012655
2021-10-08 15:38:00,11159.68,11153.66,1.1013,0.0,11159.68,11159.68,0.0,0.0,0.0
2021-10-08 15:40:00,11159.68,11159.68,0.0,0.0,11159.68,11159.68,0.0,0.0,0.0
2021-10-15 04:35:00,11059.16,11165.28,1.1261,-100.52000000000044,11059.16,11159.68,-100.52000000000044,-0.900742673625054,-0.900742673625054
2021-10-15 10:25:00,11059.16,11068.12,0.0,0.0,11059.16,11159.68,-100.52000000000044,-0.900742673625054,0.0
2021-10-15 10:30:00,11059.16,11059.16,0.0,0.0,11059.16,11159.68,-100.52000000000044,-0.900742673625054,0.0
2021-10-22 03:16:00,11358.9,11049.5,0.0,299.7399999999998,11358.9,11358.9,0.0,0.0,2.710332430311161
2021-10-22 15:47:00,11358.9,11353.72,1.1,0.0,11358.9,11358.9,0.0,0.0,0.0
2021-10-22 15:48:00,11358.9,11358.9,0.0,0.0,11358.9,11358.9,0.0,0.0,0.0
2021-10-29 02:24:00,11258.1,11375.98,1.1072,-100.79999999999927,11258.1,11358.9,-100.79999999999927,-0.8874098724348245,-0.8874098724348245
2021-10-29 11:31:00,11258.1,11259.78,0.0,0.0,11258.1,11358.9,-100.79999999999927,-0.8874098724348245,0.0
2021-10-29 11:35:00,11258.1,11258.1,0.0,0.0,11258.1,11358.9,-100.79999999999927,-0.8874098724348245,0.0
2021-11-05 15:31:00,11559.1,11164.16,0.0,301.0,11559.1,11559.1,0.0,0.0,2.673630541565628
2021-11-05 19:25:00,11559.1,11556.44,1.0853,0.0,11559.1,11559.1,0.0,0.0,0.0
2021-11-05 19:26:00,11559.1,11559.1,0.0,0.0,11559.1,11559.1,0.0,0.0,0.0
2021-11-12 03:10:00,11462.38,11565.08,1.046,-96.72000000000116,11462.38,11559.1,-96.72000000000116,-0.8367433450701279,-0.8367433450701279
2021-11-12 10:18:00,11462.38,11467.58,0.0,0.0,11462.38,11559.1,-96.72000000000116,-0.8367433450701279,0.0
2021-11-12 10:19:00,11462.38,11462.38,0.0,0.0,11462.38,11559.1,-96.72000000000116,-0.8367433450701279,0.0
2021-11-19 06:43:00,11365.66,11515.42,1.0497,-96.71999999999935,11365.66,11559.1,-193.4400000000005,-1.67348669014024,-0.843803817357297
2021-11-19 11:01:00,11365.66,11376.06,0.0,0.0,11365.66,11559.1,-193.4400000000005,-1.67348669014024,0.0
2021-11-19 11:02:00,11365.66,11365.66,0.0,0.0,11365.66,11559.1,-193.4400000000005,-1.67348669014024,0.0
2021-11-26 02:19:00,11666.8,11328.28,0.0,301.1399999999994,11666.8,11666.8,0.0,0.0,2.6495601663255757
2021-11-26 13:27:00,11666.8,11662.88,1.076,0.0,11666.8,11666.8,0.0,0.0,0.0
2021-11-26 13:28:00,11666.8,11666.8,0.0,0.0,11666.8,11666.8,0.0,0.0,0.0
2021-12-03 11:15:00,11864.9,11629.7,0.0,198.10000000000036,11864.9,11864.9,0.0,0.0,1.6979805945074946
2021-12-03 22:12:00,11864.9,11909.98,1.0395,0.0,11864.9,11864.9,0.0,0.0,0.0
2021-12-03 23:00:00,11864.9,11864.9,0.0,0.0,11864.9,11864.9,0.0,0.0,0.0
2021-12-10 11:21:00,11952.82,11775.58,0.0,87.92000000000007,11952.82,11952.82,0.0,0.0,0.7410091951891721
2021-12-10 16:02:00,11952.82,12047.6,1.0322,0.0,11952.82,11952.82,0.0,0.0,0.0
2021-12-10 23:00:00,11952.82,11952.82,0.0,0.0,11952.82,11952.82,0.0,0.0,0.0
2021-12-17 15:37:00,11913.06,12166.18,1.0351,-39.76000000000022,11913.06,11952.82,-39.76000000000022,-0.332641167523649,-0.332641167523649
2021-12-17 22:59:00,11913.06,11908.58,0.0,0.0,11913.06,11952.82,-39.76000000000022,-0.332641167523649,0.0
2021-12-17 23:00:00,11913.06,11913.06,0.0,0.0,11913.06,11952.82,-39.76000000000022,-0.332641167523649,0.0
2021-12-31 04:28:00,12094.08,11888.42,0.0,181.02000000000044,12094.08,12094.08,0.0,0.0,1.5195088415570848
2021-12-31 22:53:00,12094.08,12108.22,1.0501,0.0,12094.08,12094.08,0.0,0.0,0.0
2021-12-31 23:00:00,12094.08,12094.08,0.0,0.0,12094.08,12094.08,0.0,0.0,0.0
2022-01-07 10:14:00,11993.7,12037.94,0.0,-100.3799999999992,11993.7,12094.08,-100.3799999999992,-0.8299928560088836,-0.8299928560088836
2022-01-07 15:31:00,11993.7,12156.66,1.0317,0.0,11993.7,12094.08,-100.3799999999992,-0.8299928560088836,0.0
2022-01-07 15:36:00,11993.7,11993.7,0.0,0.0,11993.7,12094.08,-100.3799999999992,-0.8299928560088836,0.0
2022-01-14 10:17:00,11919.5,12098.0,1.0541,-74.20000000000073,11919.5,12094.08,-174.57999999999993,-1.4435161665872884,-0.6186581288509861
2022-01-14 20:45:00,11919.5,11895.14,0.0,0.0,11919.5,12094.08,-174.57999999999993,-1.4435161665872884,0.0
2022-01-14 23:00:00,11919.5,11919.5,0.0,0.0,11919.5,12094.08,-174.57999999999993,-1.4435161665872884,0.0
2022-01-21 09:19:00,11816.6,11981.38,1.0741,-102.89999999999964,11816.6,12094.08,-277.47999999999956,-2.2943456633328005,-0.8632912454381445
2022-01-21 10:53:00,11816.6,11818.0,0.0,0.0,11816.6,12094.08,-277.47999999999956,-2.2943456633328005,0.0
2022-01-21 10:56:00,11816.6,11816.6,0.0,0.0,11816.6,12094.08,-277.47999999999956,-2.2943456633328005,0.0
2022-01-28 05:29:00,11715.94,11853.42,1.061,-100.65999999999985,11715.94,12094.08,-378.1399999999994,-3.126653701645759,-0.8518524787163808
2022-01-28 12:36:00,11715.94,11716.36,0.0,0.0,11715.94,12094.08,-378.1399999999994,-3.126653701645759,0.0
2022-01-28 12:37:00,11715.94,11715.94,0.0,0.0,11715.94,12094.08,-378.1399999999994,-3.126653701645759,0.0
2022-02-04 15:20:00,11614.86,11847.12,1.0668,-101.07999999999993,11614.86,12094.08,-479.21999999999935,-3.9624345134148227,-0.8627562107692589
2022-02-04 15:37:00,11614.86,11636.42,0.0,0.0,11614.86,12094.08,-479.21999999999935,-3.9624345134148227,0.0
2022-02-04 15:39:00,11614.86,11614.86,0.0,0.0,11614.86,12094.08,-479.21999999999935,-3.9624345134148227,0.0
2022-02-11 09:21:00,11921.74,11532.68,0.0,306.8799999999992,11921.74,12094.08,-172.34000000000015,-1.4249947081547347,2.642132578438304
2022-02-11 20:35:00,11921.74,11909.0,1.0737,0.0,11921.74,12094.08,-172.34000000000015,-1.4249947081547347,0.0
2022-02-11 20:37:00,11921.74,11921.74,0.0,0.0,11921.74,12094.08,-172.34000000000015,-1.4249947081547347,0.0
2022-02-18 02:33:00,11822.94,11950.08,1.0336,-98.79999999999927,11822.94,12094.08,-271.1399999999994,-2.2419233211620844,-0.828738086889995
2022-02-18 03:36:00,11822.94,11833.21,0.0,0.0,11822.94,12094.08,-271.1399999999994,-2.2419233211620844,0.0
2022-02-18 03:37:00,11822.94,11822.94,0.0,0.0,11822.94,12094.08,-271.1399999999994,-2.2419233211620844,0.0
2022-02-25 03:07:00,11723.88,12038.35,1.0285,-99.06000000000131,11723.88,12094.08,-370.2000000000007,-3.0610017463089436,-0.8378626636014503
2022-02-25 13:40:00,11723.88,11727.91,0.0,0.0,11723.88,12094.08,-370.2000000000007,-3.0610017463089436,0.0
2022-02-25 13:41:00,11723.88,11723.88,0.0,0.0,11723.88,12094.08,-370.2000000000007,-3.0610017463089436,0.0
2022-03-04 03:53:00,12025.74,11652.9,0.0,301.8600000000006,12025.74,12094.08,-68.34000000000015,-0.5650698523575183,2.574744879681476
2022-03-04 16:37:00,12025.74,11998.83,1.0483,0.0,12025.74,12094.08,-68.34000000000015,-0.5650698523575183,0.0
2022-03-04 16:38:00,12025.74,12025.74,0.0,0.0,12025.74,12094.08,-68.34000000000015,-0.5650698523575183,0.0
2022-03-11 02:09:00,11922.0,12067.21,1.0742,-103.73999999999978,11922.0,12094.08,-172.07999999999993,-1.42284489601524,-0.8626496165724503
2022-03-11 06:44:00,11922.0,11927.59,0.0,0.0,11922.0,12094.08,-172.07999999999993,-1.42284489601524,0.0
2022-03-11 06:46:00,11922.0,11922.0,0.0,0.0,11922.0,12094.08,-172.07999999999993,-1.42284489601524,0.0
2022-03-18 03:13:00,11820.99,11965.29,1.055,-101.01000000000022,11820.99,12094.08,-273.09000000000015,-2.2580469122082882,-0.8472571716155026
2022-03-18 05:52:00,11820.99,11825.54,0.0,0.0,11820.99,12094.08,-273.09000000000015,-2.2580469122082882,0.0
2022-03-18 05:55:00,11820.99,11820.99,0.0,0.0,11820.99,12094.08,-273.09000000000015,-2.2580469122082882,0.0
2022-03-25 05:24:00,11719.2,11895.74,1.0701,-101.78999999999905,11719.2,12094.08,-374.8799999999992,-3.099698364819806,-0.8610953904875908
2022-03-25 13:44:00,11719.2,11722.58,0.0,0.0,11719.2,12094.08,-374.8799999999992,-3.099698364819806,0.0
2022-03-25 13:45:00,11719.2,11719.2,0.0,0.0,11719.2,12094.08,-374.8799999999992,-3.099698364819806,0.0
2022-04-01 07:18:00,11618.45,11758.2,1.0705,-100.75,11618.45,12094.08,-475.6299999999992,-3.9327505688733595,-0.859700320841013
2022-04-01 13:54:00,11618.45,11624.43,0.0,0.0,11618.45,12094.08,-475.6299999999992,-3.9327505688733595,0.0
2022-04-01 13:55:00,11618.45,11618.45,0.0,0.0,11618.45,12094.08,-475.6299999999992,-3.9327505688733595,0.0
2022-04-08 08:00:00,11764.7,11551.24,0.0,146.25,11764.7,12094.08,-329.3799999999992,-2.723481240408524,1.258773760699577
2022-04-08 17:31:00,11764.7,11817.87,1.0631,0.0,11764.7,12094.08,-329.3799999999992,-2.723481240408524,0.0
2022-04-08 23:00:00,11764.7,11764.7,0.0,0.0,11764.7,12094.08,-329.3799999999992,-2.723481240408524,0.0
2022-04-22 09:11:00,11663.17,11811.89,1.0742,-101.53000000000065,11663.17,12094.08,-430.90999999999985,-3.562982880880562,-0.8630054315027212
2022-04-22 11:56:00,11663.17,11664.86,0.0,0.0,11663.17,12094.08,-430.90999999999985,-3.562982880880562,0.0
2022-04-22 11:57:00,11663.17,11663.17,0.0,0.0,11663.17,12094.08,-430.90999999999985,-3.562982880880562,0.0
2022-04-29 02:05:00,11958.4,11660.57,0.0,295.22999999999956,11958.4,12094.08,-135.6800000000003,-1.1218711964862171,2.5313015243711576
2022-04-29 10:46:00,11958.4,11953.59,1.0292,0.0,11958.4,12094.08,-135.6800000000003,-1.1218711964862171,0.0
2022-04-29 10:47:00,11958.4,11958.4,0.0,0.0,11958.4,12094.08,-135.6800000000003,-1.1218711964862171,0.0
2022-05-06 04:03:00,11860.77,11877.67,0.0,-97.6299999999992,11860.77,12094.08,-233.3099999999995,-1.9291256548658475,-0.8164135670323723
2022-05-06 04:04:00,11860.77,11860.77,0.0,0.0,11860.77,12094.08,-233.3099999999995,-1.9291256548658475,0.0
2022-05-13 10:35:00,11758.85,11977.25,1.0639,-101.92000000000007,11758.85,12094.08,-335.22999999999956,-2.7718520135471203,-0.8593034010439463
2022-05-13 14:55:00,11758.85,11766.55,0.0,0.0,11758.85,12094.08,-335.22999999999956,-2.7718520135471203,0.0
2022-05-13 14:55:00,11758.85,11758.85,0.0,0.0,11758.85,12094.08,-335.22999999999956,-2.7718520135471203,0.0
2022-05-20 10:04:00,11655.67,11863.57,1.0868,-103.18000000000029,11655.67,12094.08,-438.40999999999985,-3.6249966925967074,-0.8774667590793341
2022-05-20 17:00:00,11655.67,11661.41,0.0,0.0,11655.67,12094.08,-438.40999999999985,-3.6249966925967074,0.0
2022-05-20 17:01:00,11655.67,11655.67,0.0,0.0,11655.67,12094.08,-438.40999999999985,-3.6249966925967074,0.0
2022-05-27 04:28:00,11681.15,11604.01,0.0,25.479999999999563,11681.15,12094.08,-412.9300000000003,-3.414315102926393,0.21860605181855322
2022-05-27 15:04:00,11681.15,11800.57,1.0983,0.0,11681.15,12094.08,-412.9300000000003,-3.414315102926393,0.0
2022-05-27 23:00:00,11681.15,11681.15,0.0,0.0,11681.15,12094.08,-412.9300000000003,-3.414315102926393,0.0
2022-06-03 03:33:00,11583.91,11733.28,1.0359,-97.23999999999978,11583.91,12094.08,-510.1700000000001,-4.218344843096789,-0.8324522842357112
2022-06-03 15:26:00,11583.91,11589.24,0.0,0.0,11583.91,12094.08,-510.1700000000001,-4.218344843096789,0.0
2022-06-03 15:27:00,11583.91,11583.91,0.0,0.0,11583.91,12094.08,-510.1700000000001,-4.218344843096789,0.0
2022-06-10 04:03:00,11480.45,11604.63,1.114,-103.45999999999913,11480.45,12094.08,-613.6299999999992,-5.073804704450435,-0.8931353921085292
2022-06-10 14:36:00,11480.45,11482.13,0.0,0.0,11480.45,12094.08,-613.6299999999992,-5.073804704450435,0.0
2022-06-10 14:39:00,11480.45,11480.45,0.0,0.0,11480.45,12094.08,-613.6299999999992,-5.073804704450435,0.0
2022-06-17 02:10:00,11376.71,11487.03,1.1283,-103.7400000000016,11376.71,12094.08,-717.3700000000008,-5.931579748108172,-0.9036231158186447
2022-06-17 05:03:00,11376.71,11381.89,0.0,0.0,11376.71,12094.08,-717.3700000000008,-5.931579748108172,0.0
2022-06-17 05:05:00,11376.71,11376.71,0.0,0.0,11376.71,12094.08,-717.3700000000008,-5.931579748108172,0.0
2022-06-24 10:55:00,11376.15,11484.51,1.1118,-0.5599999999994907,11376.15,12094.08,-717.9300000000003,-5.9362101127163065,-0.004922336949781534
2022-06-24 16:05:00,11376.15,11276.19,0.0,0.0,11376.15,12094.08,-717.9300000000003,-5.9362101127163065,0.0
2022-06-24 23:00:00,11376.15,11376.15,0.0,0.0,11376.15,12094.08,-717.9300000000003,-5.9362101127163065,0.0
2022-07-01 03:05:00,11275.07,11398.13,1.1089,-101.07999999999993,11275.07,12094.08,-819.0100000000002,-6.77199092448537,-0.8885255556581086
2022-07-01 08:35:00,11275.07,11298.45,0.0,0.0,11275.07,12094.08,-819.0100000000002,-6.77199092448537,0.0
2022-07-01 08:36:00,11275.07,11275.07,0.0,0.0,11275.07,12094.08,-819.0100000000002,-6.77199092448537,0.0
2022-07-08 15:31:00,11303.77,11187.29,0.0,28.700000000000728,11303.77,12094.08,-790.3099999999995,-6.534684738318247,0.2545438742287252
2022-07-08 17:45:00,11303.77,11459.17,1.0625,0.0,11303.77,12094.08,-790.3099999999995,-6.534684738318247,0.0
2022-07-08 23:00:00,11303.77,11303.77,0.0,0.0,11303.77,12094.08,-790.3099999999995,-6.534684738318247,0.0
2022-07-15 05:18:00,11201.17,11389.12,1.1266,-102.60000000000036,11201.17,12094.08,-892.9099999999999,-7.383033682595119,-0.9076617800963782
2022-07-15 09:34:00,11201.17,11204.92,0.0,0.0,11201.17,12094.08,-892.9099999999999,-7.383033682595119,0.0
2022-07-15 09:35:00,11201.17,11201.17,0.0,0.0,11201.17,12094.08,-892.9099999999999,-7.383033682595119,0.0
2022-07-22 06:51:00,11510.32,11125.42,0.0,309.14999999999964,11510.32,12094.08,-583.7600000000002,-4.826824363655609,2.759979537851846
2022-07-22 17:11:00,11510.32,11504.47,1.1199,0.0,11510.32,12094.08,-583.7600000000002,-4.826824363655609,0.0
2022-07-22 17:12:00,11510.32,11510.32,0.0,0.0,11510.32,12094.08,-583.7600000000002,-4.826824363655609,0.0
2022-07-29 09:28:00,11594.74,11685.32,1.0516,84.42000000000007,11594.74,12094.08,-499.34000000000015,-4.128796898978675,0.7334287839087017
2022-07-29 17:00:00,11594.74,11464.4,0.0,0.0,11594.74,12094.08,-499.34000000000015,-4.128796898978675,0.0
2022-07-29 23:00:00,11594.74,11594.74,0.0,0.0,11594.74,12094.08,-499.34000000000015,-4.128796898978675,0.0
2022-08-05 04:01:00,11494.36,11637.02,1.0779,-100.3799999999992,11494.36,12094.08,-599.7199999999993,-4.958789754987559,-0.8657373947151829
2022-08-05 13:41:00,11494.36,11500.1,0.0,0.0,11494.36,12094.08,-599.7199999999993,-4.958789754987559,0.0
2022-08-05 13:42:00,11494.36,11494.36,0.0,0.0,11494.36,12094.08,-599.7199999999993,-4.958789754987559,0.0
2022-08-12 14:46:00,11682.38,11451.66,0.0,188.01999999999862,11682.38,12094.08,-411.7000000000007,-3.404144837804949,1.6357587547283936
2022-08-12 22:56:00,11682.38,11692.88,1.0704,0.0,11682.38,12094.08,-411.7000000000007,-3.404144837804949,0.0
2022-08-12 23:00:00,11682.38,11682.38,0.0,0.0,11682.38,12094.08,-411.7000000000007,-3.404144837804949,0.0
2022-08-19 02:47:00,11583.96,11701.98,1.0514,-98.42000000000007,11583.96,12094.08,-510.1200000000008,-4.217931417685353,-0.8424653195667329
2022-08-19 13:03:00,11583.96,11587.04,0.0,0.0,11583.96,12094.08,-510.1200000000008,-4.217931417685353,0.0
2022-08-19 13:04:00,11583.96,11583.96,0.0,0.0,11583.96,12094.08,-510.1200000000008,-4.217931417685353,0.0
2022-08-26 09:32:00,11485.54,11608.46,1.0595,-98.41999999999825,11485.54,12094.08,-608.539999999999,-5.031717997565743,-0.8496230995272623
2022-08-26 12:51:00,11485.54,11486.66,0.0,0.0,11485.54,12094.08,-608.539999999999,-5.031717997565743,0.0
2022-08-26 12:51:00,11485.54,11485.54,0.0,0.0,11485.54,12094.08,-608.539999999999,-5.031717997565743,0.0
2022-09-02 02:05:00,11790.64,11482.09,0.0,305.09999999999854,11790.64,12094.08,-303.4400000000005,-2.50899613695296,2.656383591890312
2022-09-02 17:39:00,11790.64,11779.24,1.0794,0.0,11790.64,12094.08,-303.4400000000005,-2.50899613695296,0.0
2022-09-02 17:40:00,11790.64,11790.64,0.0,0.0,11790.64,12094.08,-303.4400000000005,-2.50899613695296,0.0
2022-09-09 02:07:00,11879.89,11787.64,0.0,89.25,11879.89,12094.08,-214.1900000000005,-1.7710317775308293,0.7569563653881385
2022-09-09 10:24:00,11879.89,12086.74,1.0609,0.0,11879.89,12094.08,-214.1900000000005,-1.7710317775308293,0.0
2022-09-09 23:00:00,11879.89,11879.89,0.0,0.0,11879.89,12094.08,-214.1900000000005,-1.7710317775308293,0.0
2022-09-16 04:14:00,11780.14,11960.29,1.0424,-99.75,11780.14,12094.08,-313.9400000000005,-2.595815473355563,-0.8396542392227538
2022-09-16 10:51:00,11780.14,11789.89,0.0,0.0,11780.14,12094.08,-313.9400000000005,-2.595815473355563,0.0
2022-09-16 10:54:00,11780.14,11780.14,0.0,0.0,11780.14,12094.08,-313.9400000000005,-2.595815473355563,0.0
2022-09-23 04:20:00,11679.79,11840.59,1.059,-100.34999999999854,11679.79,12094.08,-414.28999999999905,-3.425560274117577,-0.8518574482136763
2022-09-23 11:12:00,11679.79,11680.09,0.0,0.0,11679.79,12094.08,-414.28999999999905,-3.425560274117577,0.0
2022-09-23 11:15:00,11679.79,11679.79,0.0,0.0,11679.79,12094.08,-414.28999999999905,-3.425560274117577,0.0
2022-09-30 05:21:00,11663.89,11626.84,0.0,-15.900000000001455,11663.89,12094.08,-430.1900000000005,-3.5570295549558173,-0.13613258457559127
2022-09-30 17:37:00,11663.89,11869.09,1.0507,0.0,11663.89,12094.08,-430.1900000000005,-3.5570295549558173,0.0
2022-09-30 23:00:00,11663.89,11663.89,0.0,0.0,11663.89,12094.08,-430.1900000000005,-3.5570295549558173,0.0
2022-10-07 12:17:00,11561.14,11692.69,1.0987,-102.75,11561.14,12094.08,-532.9400000000005,-4.40661877546701,-0.8809239456133418
2022-10-07 13:30:00,11561.14,11562.79,0.0,0.0,11561.14,12094.08,-532.9400000000005,-4.40661877546701,0.0
2022-10-07 15:30:00,11561.14,11561.14,0.0,0.0,11561.14,12094.08,-532.9400000000005,-4.40661877546701,0.0
2022-10-14 04:26:00,11461.24,11463.94,0.0,-99.89999999999964,11461.24,12094.08,-632.8400000000001,-5.2326427475260635,-0.8641016370357909
2022-10-14 09:36:00,11461.24,11658.19,1.0713,0.0,11461.24,12094.08,-632.8400000000001,-5.2326427475260635,0.0
2022-10-14 12:02:00,11461.24,11461.24,0.0,0.0,11461.24,12094.08,-632.8400000000001,-5.2326427475260635,0.0
2022-10-21 04:15:00,11363.59,11489.89,1.0616,-97.64999999999964,11363.59,12094.08,-730.4899999999998,-6.040062576070274,-0.852002052133972
2022-10-21 08:11:00,11363.59,11365.99,0.0,0.0,11363.59,12094.08,-730.4899999999998,-6.040062576070274,0.0
2022-10-21 08:12:00,11363.59,11363.59,0.0,0.0,11363.59,12094.08,-730.4899999999998,-6.040062576070274,0.0
2022-10-28 05:00:00,11263.84,11438.44,1.0897,-99.75,11263.84,12094.08,-830.2399999999998,-6.864846271895007,-0.8778035814386123
2022-10-28 10:00:00,11263.84,11271.49,0.0,0.0,11263.84,12094.08,-830.2399999999998,-6.864846271895007,0.0
2022-10-28 10:02:00,11263.84,11263.84,0.0,0.0,11263.84,12094.08,-830.2399999999998,-6.864846271895007,0.0
2022-11-04 04:34:00,11557.39,11247.49,0.0,293.5499999999993,11557.39,12094.08,-536.6900000000005,-4.437625681325082,2.6061272177161543
2022-11-04 12:15:00,11557.39,11553.94,1.0583,0.0,11557.39,12094.08,-536.6900000000005,-4.437625681325082,0.0
2022-11-04 12:16:00,11557.39,11557.39,0.0,0.0,11557.39,12094.08,-536.6900000000005,-4.437625681325082,0.0
2022-11-11 03:55:00,11777.33,11489.63,0.0,219.9400000000005,11777.33,12094.08,-316.75,-2.6190499814785415,1.9030248178870879
2022-11-11 22:53:00,11777.33,11781.95,1.041,0.0,11777.33,12094.08,-316.75,-2.6190499814785415,0.0
2022-11-11 23:00:00,11777.33,11777.33,0.0,0.0,11777.33,12094.08,-316.75,-2.6190499814785415,0.0
2022-11-18 11:44:00,11678.77,11879.11,1.0374,-98.55999999999949,11678.77,12094.08,-415.3099999999995,-3.4339941525109765,-0.8368620052252886
2022-11-18 16:32:00,11678.77,11682.13,0.0,0.0,11678.77,12094.08,-415.3099999999995,-3.4339941525109765,0.0
2022-11-18 16:47:00,11678.77,11678.77,0.0,0.0,11678.77,12094.08,-415.3099999999995,-3.4339941525109765,0.0
2022-11-25 06:06:00,11580.49,11758.85,1.0449,-98.28000000000065,11580.49,12094.08,-513.5900000000001,-4.246623141239351,-0.8415269758716084
2022-11-25 15:19:00,11580.49,11585.81,0.0,0.0,11580.49,12094.08,-513.5900000000001,-4.246623141239351,0.0
2022-11-25 15:20:00,11580.49,11580.49,0.0,0.0,11580.49,12094.08,-513.5900000000001,-4.246623141239351,0.0
2022-12-02 04:45:00,11479.55,11493.27,0.0,-100.94000000000051,11479.55,12094.08,-614.5300000000007,-5.081246361856385,-0.8716384194451229
2022-12-02 10:42:00,11479.55,11597.15,1.0875,0.0,11479.55,12094.08,-614.5300000000007,-5.081246361856385,0.0
2022-12-02 15:30:00,11479.55,11479.55,0.0,0.0,11479.55,12094.08,-614.5300000000007,-5.081246361856385,0.0
2022-12-09 02:49:00,11555.01,11464.15,0.0,75.46000000000095,11555.01,12094.08,-539.0699999999997,-4.457304730909666,0.6573428400939144
2022-12-09 18:45:00,11555.01,11710.97,1.0697,0.0,11555.01,12094.08,-539.0699999999997,-4.457304730909666,0.0
2022-12-09 23:00:00,11555.01,11555.01,0.0,0.0,11555.01,12094.08,-539.0699999999997,-4.457304730909666,0.0
2022-12-16 10:27:00,11762.35,11512.31,0.0,207.34000000000015,11762.35,12094.08,-331.72999999999956,-2.7429122347462522,1.7943731766567068
2022-12-16 22:32:00,11762.35,11791.89,1.055,0.0,11762.35,12094.08,-331.72999999999956,-2.7429122347462522,0.0
2022-12-16 23:00:00,11762.35,11762.35,0.0,0.0,11762.35,12094.08,-331.72999999999956,-2.7429122347462522,0.0
2022-12-23 16:40:00,11816.11,11724.69,0.0,53.76000000000022,11816.11,12094.08,-277.96999999999935,-2.29839723236492,0.4570515245677966
2022-12-23 18:38:00,11816.11,11894.09,1.0557,0.0,11816.11,12094.08,-277.96999999999935,-2.29839723236492,0.0
2022-12-23 23:00:00,11816.11,11816.11,0.0,0.0,11816.11,12094.08,-277.96999999999935,-2.29839723236492,0.0
2022-12-30 12:31:00,11926.57,11786.29,0.0,110.45999999999913,11926.57,12094.08,-167.51000000000022,-1.3850578134095377,0.934825420548718
2022-12-30 20:04:00,11926.57,11963.67,1.0623,0.0,11926.57,12094.08,-167.51000000000022,-1.3850578134095377,0.0
2022-12-30 23:00:00,11926.57,11926.57,0.0,0.0,11926.57,12094.08,-167.51000000000022,-1.3850578134095377,0.0
2023-01-06 02:11:00,12234.43,11917.75,0.0,307.8600000000006,12234.43,12234.43,0.0,0.0,2.581295376625472
2023-01-06 17:02:00,12234.43,12218.89,1.0496,0.0,12234.43,12234.43,0.0,0.0,0.0
2023-01-06 17:03:00,12234.43,12234.43,0.0,0.0,12234.43,12234.43,0.0,0.0,0.0
2023-01-13 07:38:00,12530.7,12145.38,0.0,296.27000000000044,12530.7,12530.7,0.0,0.0,2.4216085261021596
2023-01-13 20:41:00,12530.7,12523.29,0.9857,0.0,12530.7,12530.7,0.0,0.0,0.0
2023-01-13 20:43:00,12530.7,12530.7,0.0,0.0,12530.7,12530.7,0.0,0.0,0.0
2023-01-20 03:30:00,12430.21,12575.81,0.9983,-100.4900000000016,12430.21,12530.7,-100.4900000000016,-0.8019504097935597,-0.8019504097935597
2023-01-20 06:59:00,12430.21,12431.25,0.0,0.0,12430.21,12530.7,-100.4900000000016,-0.8019504097935597,0.0
2023-01-20 07:00:00,12430.21,12430.21,0.0,0.0,12430.21,12530.7,-100.4900000000016,-0.8019504097935597,0.0
2023-01-27 02:52:00,12329.72,12474.15,1.0065,-100.48999999999978,12329.72,12530.7,-200.98000000000138,-1.603900819587105,-0.8084336467364573
2023-01-27 06:00:00,12329.72,12330.89,0.0,0.0,12329.72,12530.7,-200.98000000000138,-1.603900819587105,0.0
2023-01-27 06:01:00,12329.72,12329.72,0.0,0.0,12329.72,12530.7,-200.98000000000138,-1.603900819587105,0.0
2023-02-03 04:02:00,12230.14,12381.33,1.0051,-99.57999999999993,12230.14,12530.7,-300.5600000000013,-2.3985890652557424,-0.8076420226898902
2023-02-03 13:16:00,12230.14,12260.04,0.0,0.0,12230.14,12530.7,-300.5600000000013,-2.3985890652557424,0.0
2023-02-03 15:30:00,12230.14,12230.14,0.0,0.0,12230.14,12530.7,-300.5600000000013,-2.3985890652557424,0.0
2023-02-10 03:12:00,12133.42,12296.83,0.9833,-96.71999999999935,12133.42,12530.7,-397.28000000000065,-3.170453366531803,-0.7908331384595707
2023-02-10 07:14:00,12133.42,12134.46,0.0,0.0,12133.42,12530.7,-397.28000000000065,-3.170453366531803,0.0
2023-02-10 07:15:00,12133.42,12133.42,0.0,0.0,12133.42,12530.7,-397.28000000000065,-3.170453366531803,0.0
2023-02-17 02:13:00,12030.8,12137.2,1.0573,-102.6200000000008,12030.8,12530.7,-499.90000000000146,-3.9894020286177265,-0.8457631896035973
2023-02-17 04:03:00,12030.8,12031.08,0.0,0.0,12030.8,12530.7,-499.90000000000146,-3.9894020286177265,0.0
2023-02-17 06:36:00,12030.8,12030.8,0.0,0.0,12030.8,12530.7,-499.90000000000146,-3.9894020286177265,0.0
2023-02-24 04:25:00,11928.74,12088.76,1.0559,-102.05999999999949,11928.74,12530.7,-601.960000000001,-4.803881666626772,-0.8483226385610226
2023-02-24 14:09:00,11928.74,11932.24,0.0,0.0,11928.74,12530.7,-601.960000000001,-4.803881666626772,0.0
2023-02-24 14:10:00,11928.74,11928.74,0.0,0.0,11928.74,12530.7,-601.960000000001,-4.803881666626772,0.0
2023-03-03 07:25:00,12146.72,11905.08,0.0,217.97999999999956,12146.72,12530.7,-383.9800000000014,-3.0643140447062125,1.8273514218601425
2023-03-03 22:39:00,12146.72,12164.5,1.0586,0.0,12146.72,12530.7,-383.9800000000014,-3.0643140447062125,0.0
2023-03-03 23:00:00,12146.72,12146.72,0.0,0.0,12146.72,12530.7,-383.9800000000014,-3.0643140447062125,0.0
2023-03-10 06:19:00,12454.58,12084.7,0.0,307.8600000000006,12454.58,12530.7,-76.1200000000008,-0.607468058448457,2.534511374264004
2023-03-10 16:35:00,12454.58,12445.76,1.0305,0.0,12454.58,12530.7,-76.1200000000008,-0.607468058448457,0.0
2023-03-10 16:37:00,12454.58,12454.58,0.0,0.0,12454.58,12530.7,-76.1200000000008,-0.607468058448457,0.0
2023-03-17 04:04:00,12754.1,12428.06,0.0,299.52000000000044,12754.1,12754.1,0.0,0.0,2.4048984389678374
2023-03-17 15:29:00,12754.1,12726.67,0.9807,0.0,12754.1,12754.1,0.0,0.0,0.0
2023-03-17 15:30:00,12754.1,12754.1,0.0,0.0,12754.1,12754.1,0.0,0.0,0.0
2023-03-24 04:09:00,12650.49,12786.47,1.0128,-103.61000000000058,12650.49,12754.1,-103.61000000000058,-0.8123662194902077,-0.8123662194902077
2023-03-24 09:32:00,12650.49,12662.97,0.0,0.0,12650.49,12754.1,-103.61000000000058,-0.8123662194902077,0.0
2023-03-24 11:38:00,12650.49,12650.49,0.0,0.0,12650.49,12754.1,-103.61000000000058,-0.8123662194902077,0.0
2023-03-31 11:42:00,12547.53,12563.0,0.0,-102.95999999999913,12547.53,12754.1,-206.5699999999997,-1.6196360386071906,-0.8138815176329071
2023-03-31 15:33:00,12547.53,12750.72,1.0093,0.0,12547.53,12754.1,-206.5699999999997,-1.6196360386071906,0.0
2023-03-31 20:19:00,12547.53,12547.53,0.0,0.0,12547.53,12754.1,-206.5699999999997,-1.6196360386071906,0.0
2023-04-14 05:32:00,12449.61,12632.13,0.9691,-97.92000000000007,12449.61,12754.1,-304.4899999999998,-2.3873891532918807,-0.7803926350445073
2023-04-14 11:23:00,12449.61,12458.01,0.0,0.0,12449.61,12754.1,-304.4899999999998,-2.3873891532918807,0.0
2023-04-14 11:24:00,12449.61,12449.61,0.0,0.0,12449.61,12754.1,-304.4899999999998,-2.3873891532918807,0.0
2023-04-21 02:59:00,12353.37,12451.17,0.9663,-96.23999999999978,12353.37,12754.1,-400.72999999999956,-3.1419700331658023,-0.7730362637865746
2023-04-21 08:31:00,12353.37,12353.49,0.0,0.0,12353.37,12754.1,-400.72999999999956,-3.1419700331658023,0.0
2023-04-21 08:32:00,12353.37,12353.37,0.0,0.0,12353.37,12754.1,-400.72999999999956,-3.1419700331658023,0.0
2023-04-28 04:38:00,12250.02,12402.38,1.0417,-103.35000000000036,12250.02,12754.1,-504.0799999999999,-3.9522976925067224,-0.8366138146918642
2023-04-28 11:18:00,12250.02,12254.44,0.0,0.0,12250.02,12754.1,-504.0799999999999,-3.9522976925067224,0.0
2023-04-28 11:21:00,12250.02,12250.02,0.0,0.0,12250.02,12754.1,-504.0799999999999,-3.9522976925067224,0.0
2023-05-05 04:37:00,12151.62,12292.5,1.0003,-98.39999999999964,12151.62,12754.1,-602.4799999999996,-4.723814302851628,-0.8032639946710262
2023-05-05 10:23:00,12151.62,12155.58,0.0,0.0,12151.62,12754.1,-602.4799999999996,-4.723814302851628,0.0
2023-05-05 10:35:00,12151.62,12151.62,0.0,0.0,12151.62,12754.1,-602.4799999999996,-4.723814302851628,0.0
2023-05-12 03:34:00,12054.9,12168.3,0.9941,-96.72000000000116,12054.9,12754.1,-699.2000000000007,-5.48215867838578,-0.7959432569484658
2023-05-12 09:14:00,12054.9,12055.38,0.0,0.0,12054.9,12754.1,-699.2000000000007,-5.48215867838578,0.0
2023-05-12 09:15:00,12054.9,12054.9,0.0,0.0,12054.9,12754.1,-699.2000000000007,-5.48215867838578,0.0
2023-05-19 04:38:00,12360.53,11990.55,0.0,305.630000000001,12360.53,12754.1,-393.5699999999997,-3.0858312229008686,2.5353175886983803
2023-05-19 18:34:00,12360.53,12347.66,1.0312,0.0,12360.53,12754.1,-393.5699999999997,-3.0858312229008686,0.0
2023-05-19 18:34:00,12360.53,12360.53,0.0,0.0,12360.53,12754.1,-393.5699999999997,-3.0858312229008686,0.0
2023-05-26 03:50:00,12440.74,12301.64,0.0,80.20999999999913,12440.74,12754.1,-313.3600000000006,-2.4569354168463517,0.6489203941902097
2023-05-26 10:49:00,12440.74,12568.53,1.0039,0.0,12440.74,12754.1,-313.3600000000006,-2.4569354168463517,0.0
2023-05-26 23:00:00,12440.74,12440.74,0.0,0.0,12440.74,12754.1,-313.3600000000006,-2.4569354168463517,0.0
2023-06-02 06:23:00,12337.91,12524.59,1.026,-102.82999999999993,12337.91,12754.1,-416.1900000000005,-3.2631859558886984,-0.8265585487679987
2023-06-02 15:51:00,12337.91,12342.59,0.0,0.0,12337.91,12754.1,-416.1900000000005,-3.2631859558886984,0.0
2023-06-02 15:52:00,12337.91,12337.91,0.0,0.0,12337.91,12754.1,-416.1900000000005,-3.2631859558886984,0.0
2023-06-09 15:31:00,12235.73,12428.0,1.0282,-102.18000000000029,12235.73,12754.1,-518.3700000000008,-4.064340094557835,-0.8281791648666613
2023-06-09 16:40:00,12235.73,12237.42,0.0,0.0,12235.73,12754.1,-518.3700000000008,-4.064340094557835,0.0
2023-06-09 16:41:00,12235.73,12235.73,0.0,0.0,12235.73,12754.1,-518.3700000000008,-4.064340094557835,0.0
2023-06-16 15:16:00,12189.71,12351.69,1.0309,-46.02000000000044,12189.71,12754.1,-564.3900000000012,-4.4251652409813405,-0.3761116010242171
2023-06-16 17:29:00,12189.71,12161.37,0.0,0.0,12189.71,12754.1,-564.3900000000012,-4.4251652409813405,0.0
2023-06-16 23:00:00,12189.71,12189.71,0.0,0.0,12189.71,12754.1,-564.3900000000012,-4.4251652409813405,0.0
2023-06-23 05:58:00,12488.32,12137.58,0.0,298.6100000000006,12488.32,12754.1,-265.78000000000065,-2.0838789095271375,2.449689123039027
2023-06-23 16:31:00,12488.32,12470.25,0.9977,0.0,12488.32,12754.1,-265.78000000000065,-2.0838789095271375,0.0
2023-06-23 16:45:00,12488.32,12488.32,0.0,0.0,12488.32,12754.1,-265.78000000000065,-2.0838789095271375,0.0
2023-06-30 11:36:00,12651.6,12397.71,0.0,163.28000000000065,12651.6,12754.1,-102.5,-0.8036631357759465,1.3074616922052018
2023-06-30 20:22:00,12651.6,12686.7,0.9773,0.0,12651.6,12754.1,-102.5,-0.8036631357759465,0.0
2023-06-30 23:00:00,12651.6,12651.6,0.0,0.0,12651.6,12754.1,-102.5,-0.8036631357759465,0.0
2023-07-07 03:52:00,12949.82,12623.91,0.0,298.21999999999935,12949.82,12949.82,0.0,0.0,2.357172215371963
2023-07-07 18:02:00,12949.82,12947.48,0.9597,0.0,12949.82,12949.82,0.0,0.0,0.0
2023-07-07 18:03:00,12949.82,12949.82,0.0,0.0,12949.82,12949.82,0.0,0.0,0.0
2023-07-14 05:03:00,12847.77,12977.77,0.9825,-102.04999999999927,12847.77,12949.82,-102.04999999999927,-0.7880418415082161,-0.7880418415082161
2023-07-14 10:44:00,12847.77,12854.4,0.0,0.0,12847.77,12949.82,-102.04999999999927,-0.7880418415082161,0.0
2023-07-14 17:01:00,12847.77,12847.77,0.0,0.0,12847.77,12949.82,-102.04999999999927,-0.7880418415082161,0.0
2023-07-21 04:37:00,12745.2,12873.51,0.9955,-102.56999999999971,12745.2,12949.82,-204.61999999999898,-1.5800991828457769,-0.7983486628418761
2023-07-21 11:00:00,12745.2,12746.5,0.0,0.0,12745.2,12949.82,-204.61999999999898,-1.5800991828457769,0.0
2023-07-21 11:01:00,12745.2,12745.2,0.0,0.0,12745.2,12949.82,-204.61999999999898,-1.5800991828457769,0.0
2023-07-28 02:13:00,12906.92,12728.82,0.0,161.71999999999935,12906.92,12949.82,-42.899999999999636,-0.33127873592065094,1.2688698490412025
2023-07-28 19:37:00,12906.92,12964.12,0.976,0.0,12906.92,12949.82,-42.899999999999636,-0.33127873592065094,0.0
2023-07-28 23:00:00,12906.92,12906.92,0.0,0.0,12906.92,12949.82,-42.899999999999636,-0.33127873592065094,0.0
2023-08-04 04:30:00,12806.3,12941.37,0.972,-100.6200000000008,12806.3,12949.82,-143.52000000000044,-1.1082779528981905,-0.779581805729026
2023-08-04 15:05:00,12806.3,12842.57,0.0,0.0,12806.3,12949.82,-143.52000000000044,-1.1082779528981905,0.0
2023-08-04 15:30:00,12806.3,12806.3,0.0,0.0,12806.3,12949.82,-143.52000000000044,-1.1082779528981905,0.0
2023-08-11 02:07:00,12824.37,12796.55,0.0,18.070000000001528,12824.37,12949.82,-125.44999999999891,-0.9687393338285699,0.1411024261496414
2023-08-11 15:26:00,12824.37,12918.75,0.9621,0.0,12824.37,12949.82,-125.44999999999891,-0.9687393338285699,0.0
2023-08-11 23:00:00,12824.37,12824.37,0.0,0.0,12824.37,12949.82,-125.44999999999891,-0.9687393338285699,0.0
2023-08-18 16:50:00,12812.28,12910.69,0.9516,-12.090000000000146,12812.28,12949.82,-137.53999999999905,-1.0620997048607552,-0.09427363683362337
2023-08-18 20:25:00,12812.28,12779.52,0.0,0.0,12812.28,12949.82,-137.53999999999905,-1.0620997048607552,0.0
2023-08-18 23:00:00,12812.28,12812.28,0.0,0.0,12812.28,12949.82,-137.53999999999905,-1.0620997048607552,0.0
2023-08-25 17:17:00,12712.7,12896.39,0.9656,-99.57999999999993,12712.7,12949.82,-237.11999999999898,-1.8310679221796053,-0.7772231015869144
2023-08-25 17:31:00,12712.7,12719.98,0.0,0.0,12712.7,12949.82,-237.11999999999898,-1.8310679221796053,0.0
2023-08-25 17:32:00,12712.7,12712.7,0.0,0.0,12712.7,12949.82,-237.11999999999898,-1.8310679221796053,0.0
2023-09-01 15:31:00,12720.89,12881.83,0.9788,8.18999999999869,12720.89,12949.82,-228.9300000000003,-1.767823799867491,0.06442376521115648
2023-09-01 17:35:00,12720.89,12642.37,0.0,0.0,12720.89,12949.82,-228.9300000000003,-1.767823799867491,0.0
2023-09-01 23:00:00,12720.89,12720.89,0.0,0.0,12720.89,12949.82,-228.9300000000003,-1.767823799867491,0.0
2023-09-08 17:13:00,12708.54,12845.82,0.9716,-12.349999999998545,12708.54,12949.82,-241.27999999999884,-1.8631919208143344,-0.09708440211336271
2023-09-08 19:33:00,12708.54,12684.75,0.0,0.0,12708.54,12949.82,-241.27999999999884,-1.8631919208143344,0.0
2023-09-08 23:00:00,12708.54,12708.54,0.0,0.0,12708.54,12949.82,-241.27999999999884,-1.8631919208143344,0.0
2023-09-15 02:59:00,12865.45,12699.96,0.0,156.90999999999985,12865.45,12949.82,-84.36999999999898,-0.6515148473106112,1.2346815605883905
2023-09-15 17:46:00,12865.45,12968.67,0.9575,0.0,12865.45,12949.82,-84.36999999999898,-0.6515148473106112,0.0
2023-09-15 23:00:00,12865.45,12865.45,0.0,0.0,12865.45,12949.82,-84.36999999999898,-0.6515148473106112,0.0
2023-09-22 02:18:00,12923.95,12855.7,0.0,58.5,12923.95,12949.82,-25.86999999999898,-0.19977111650971968,0.45470620926590205
2023-09-22 17:39:00,12923.95,12972.05,0.9625,0.0,12923.95,12949.82,-25.86999999999898,-0.19977111650971968,0.0
2023-09-22 23:00:00,12923.95,12923.95,0.0,0.0,12923.95,12949.82,-25.86999999999898,-0.19977111650971968,0.0
2023-09-29 16:17:00,12826.97,13127.4,0.923,-96.98000000000138,12826.97,12949.82,-122.85000000000036,-0.9486618346818748,-0.7503897802142641
2023-09-29 18:05:00,12826.97,12835.29,0.0,0.0,12826.97,12949.82,-122.85000000000036,-0.9486618346818748,0.0
2023-09-29 18:09:00,12826.97,12826.97,0.0,0.0,12826.97,12949.82,-122.85000000000036,-0.9486618346818748,0.0
2023-10-06 09:28:00,12724.91,12767.33,0.0,-102.05999999999949,12724.91,12949.82,-224.90999999999985,-1.7367808973406569,-0.7956672542307303
2023-10-06 13:14:00,12724.91,12858.33,0.9924,0.0,12724.91,12949.82,-224.90999999999985,-1.7367808973406569,0.0
2023-10-06 15:30:00,12724.91,12724.91,0.0,0.0,12724.91,12949.82,-224.90999999999985,-1.7367808973406569,0.0
2023-10-13 03:37:00,13016.76,12719.84,0.0,291.85000000000036,13016.76,13016.76,0.0,0.0,2.2935329208615256
2023-10-13 14:21:00,13016.76,13012.73,0.9343,0.0,13016.76,13016.76,0.0,0.0,0.0
2023-10-13 14:22:00,13016.76,13016.76,0.0,0.0,13016.76,13016.76,0.0,0.0,0.0
2023-10-20 04:10:00,13324.6,12999.73,0.0,307.84000000000015,13324.6,13324.6,0.0,0.0,2.3649510323613567
2023-10-20 18:25:00,13324.6,13320.96,0.9628,0.0,13324.6,13324.6,0.0,0.0,0.0
2023-10-20 18:26:00,13324.6,13324.6,0.0,0.0,13324.6,13324.6,0.0,0.0,0.0
2023-10-27 07:27:00,13221.38,13375.82,0.9651,-103.22000000000116,13221.38,13324.6,-103.22000000000116,-0.7746574005974,-0.7746574005974
2023-10-27 15:54:00,13221.38,13227.23,0.0,0.0,13221.38,13324.6,-103.22000000000116,-0.7746574005974,0.0
2023-10-27 15:55:00,13221.38,13221.38,0.0,0.0,13221.38,13324.6,-103.22000000000116,-0.7746574005974,0.0
2023-11-03 04:27:00,13317.84,13195.38,0.0,96.46000000000095,13317.84,13324.6,-6.760000000000218,-0.05073323026582575,0.7295758839092512
2023-11-03 15:46:00,13317.84,13466.82,0.9582,0.0,13317.84,13324.6,-6.760000000000218,-0.05073323026582575,0.0
2023-11-03 23:00:00,13317.84,13317.84,0.0,0.0,13317.84,13324.6,-6.760000000000218,-0.05073323026582575,0.0
2023-11-10 03:19:00,13215.92,13344.62,0.9541,-101.92000000000007,13215.92,13324.6,-108.68000000000029,-0.8156342404274822,-0.7652892661272404
2023-11-10 12:11:00,13215.92,13223.59,0.0,0.0,13215.92,13324.6,-108.68000000000029,-0.8156342404274822,0.0
2023-11-10 13:20:00,13215.92,13215.92,0.0,0.0,13215.92,13324.6,-108.68000000000029,-0.8156342404274822,0.0
2023-11-17 12:28:00,13186.41,13351.25,0.9654,-29.51000000000022,13186.41,13324.6,-138.1900000000005,-1.0371043033186775,-0.2232913032161228
2023-11-17 19:17:00,13186.41,13159.63,0.0,0.0,13186.41,13324.6,-138.1900000000005,-1.0371043033186775,0.0
2023-11-17 23:00:00,13186.41,13186.41,0.0,0.0,13186.41,13324.6,-138.1900000000005,-1.0371043033186775,0.0
2023-11-24 06:22:00,13485.72,13151.96,0.0,299.3099999999995,13485.72,13485.72,0.0,0.0,2.2698369002632215
2023-11-27 03:26:00,13485.72,13410.84,0.9665,0.0,13485.72,13485.72,0.0,0.0,0.0
2023-11-27 03:27:00,13485.72,13485.72,0.0,0.0,13485.72,13485.72,0.0,0.0,0.0
2023-12-01 14:49:00,13779.6,13399.92,0.0,293.880000000001,13779.6,13779.6,0.0,0.0,2.1791939918669603
2023-12-01 19:46:00,13779.6,13770.6,0.8893,0.0,13779.6,13779.6,0.0,0.0,0.0
2023-12-01 19:48:00,13779.6,13779.6,0.0,0.0,13779.6,13779.6,0.0,0.0,0.0
2023-12-08 05:26:00,13682.28,13844.4,0.8792,-97.31999999999971,13682.28,13779.6,-97.31999999999971,-0.706261429939909,-0.706261429939909
2023-12-08 10:56:00,13682.28,13753.68,0.0,0.0,13682.28,13779.6,-97.31999999999971,-0.706261429939909,0.0
2023-12-08 15:30:00,13682.28,13682.28,0.0,0.0,13682.28,13779.6,-97.31999999999971,-0.706261429939909,0.0
2023-12-15 14:35:00,13584.6,13799.76,0.8849,-97.68000000000029,13584.6,13779.6,-195.0,-1.4151354175738047,-0.71391610170235
2023-12-15 15:47:00,13584.6,13584.72,0.0,0.0,13584.6,13779.6,-195.0,-1.4151354175738047,0.0
2023-12-15 20:19:00,13584.6,13584.6,0.0,0.0,13584.6,13779.6,-195.0,-1.4151354175738047,0.0
2023-12-22 03:08:00,13595.52,13517.64,0.0,10.920000000000073,13595.52,13779.6,-184.07999999999993,-1.3358878341896712,0.08038514199902885
2023-12-22 17:05:00,13595.52,13803.12,0.8921,0.0,13595.52,13779.6,-184.07999999999993,-1.3358878341896712,0.0
2023-12-22 23:00:00,13595.52,13595.52,0.0,0.0,13595.52,13779.6,-184.07999999999993,-1.3358878341896712,0.0
2023-12-29 09:14:00,13496.28,13689.0,0.906,-99.23999999999978,13496.28,13779.6,-283.3199999999997,-2.0560829051641534,-0.7299463352633793
2023-12-29 15:55:00,13496.28,13512.36,0.0,0.0,13496.28,13779.6,-283.3199999999997,-2.0560829051641534,0.0
2023-12-29 15:56:00,13496.28,13496.28,0.0,0.0,13496.28,13779.6,-283.3199999999997,-2.0560829051641534,0.0
2024-01-05 03:18:00,13398.12,13548.48,0.9051,-98.15999999999985,13398.12,13779.6,-381.47999999999956,-2.768440303056689,-0.7273115258426754
2024-01-05 13:28:00,13398.12,13415.16,0.0,0.0,13398.12,13779.6,-381.47999999999956,-2.768440303056689,0.0
2024-01-05 15:30:00,13398.12,13398.12,0.0,0.0,13398.12,13779.6,-381.47999999999956,-2.768440303056689,0.0
2024-01-12 03:01:00,13691.04,13348.68,0.0,292.9200000000001,13691.04,13779.6,-88.55999999999949,-0.6426891927196688,2.1862768806369854
2024-01-12 16:02:00,13691.04,13689.96,0.8915,0.0,13691.04,13779.6,-88.55999999999949,-0.6426891927196688,0.0
2024-01-12 16:03:00,13691.04,13691.04,0.0,0.0,13691.04,13779.6,-88.55999999999949,-0.6426891927196688,0.0
2024-01-19 07:41:00,13754.76,13659.0,0.0,63.719999999999345,13754.76,13779.6,-24.840000000000146,-0.18026648088478725,0.4654138765206978
2024-01-19 15:32:00,13754.76,13887.0,0.8741,0.0,13754.76,13779.6,-24.840000000000146,-0.18026648088478725,0.0
2024-01-19 23:00:00,13754.76,13754.76,0.0,0.0,13754.76,13779.6,-24.840000000000146,-0.18026648088478725,0.0
2024-01-26 15:30:00,13727.88,13826.64,0.8769,-26.88000000000102,13727.88,13779.6,-51.720000000001164,-0.3753374553688145,-0.19542325711245428
2024-01-26 18:14:00,13727.88,13696.32,0.0,0.0,13727.88,13779.6,-51.720000000001164,-0.3753374553688145,0.0
2024-01-26 23:00:00,13727.88,13727.88,0.0,0.0,13727.88,13779.6,-51.720000000001164,-0.3753374553688145,0.0
2024-02-02 15:17:00,13629.24,13760.04,0.8961,-98.63999999999942,13629.24,13779.6,-150.36000000000058,-1.0911782635199903,-0.7185377494558477
2024-02-02 15:29:00,13629.24,13687.2,0.0,0.0,13629.24,13779.6,-150.36000000000058,-1.0911782635199903,0.0
2024-02-02 15:30:00,13629.24,13629.24,0.0,0.0,13629.24,13779.6,-150.36000000000058,-1.0911782635199903,0.0
2024-02-09 04:28:00,13531.56,13645.44,0.8943,-97.68000000000029,13531.56,13779.6,-248.04000000000087,-1.8000522511538857,-0.7166944011551656
2024-02-09 15:15:00,13531.56,13536.6,0.0,0.0,13531.56,13779.6,-248.04000000000087,-1.8000522511538857,0.0
2024-02-09 15:16:00,13531.56,13531.56,0.0,0.0,13531.56,13779.6,-248.04000000000087,-1.8000522511538857,0.0
2024-02-16 14:06:00,13435.44,13585.8,0.8848,-96.11999999999898,13435.44,13779.6,-344.15999999999985,-2.497605155447182,-0.710339384372526
2024-02-16 15:35:00,13435.44,13438.92,0.0,0.0,13435.44,13779.6,-344.15999999999985,-2.497605155447182,0.0
2024-02-16 15:36:00,13435.44,13435.44,0.0,0.0,13435.44,13779.6,-344.15999999999985,-2.497605155447182,0.0
2024-02-23 04:11:00,13338.24,13469.76,0.9018,-97.20000000000073,13338.24,13779.6,-441.3600000000006,-3.2029957328224374,-0.7234597452707222
2024-02-23 11:42:00,13338.24,13338.72,0.0,0.0,13338.24,13779.6,-441.3600000000006,-3.2029957328224374,0.0
2024-02-23 11:45:00,13338.24,13338.24,0.0,0.0,13338.24,13779.6,-441.3600000000006,-3.2029957328224374,0.0
2024-03-01 10:52:00,13632.48,13291.2,0.0,294.2399999999998,13632.48,13779.6,-147.1200000000008,-1.06766524427415,2.2059881963437435
2024-03-01 17:46:00,13632.48,13628.88,0.8994,0.0,13632.48,13779.6,-147.1200000000008,-1.06766524427415,0.0
2024-03-01 17:47:00,13632.48,13632.48,0.0,0.0,13632.48,13779.6,-147.1200000000008,-1.06766524427415,0.0
2024-03-08 05:02:00,13943.64,13548.24,0.0,311.15999999999985,13943.64,13943.64,0.0,0.0,2.282490053167141
2024-03-08 15:43:00,13943.64,13925.16,0.9311,0.0,13943.64,13943.64,0.0,0.0,0.0
2024-03-08 19:04:00,13943.64,13943.64,0.0,0.0,13943.64,13943.64,0.0,0.0,0.0
2024-03-15 12:58:00,13885.2,14074.92,0.9215,-58.43999999999869,13885.2,13943.64,-58.43999999999869,-0.4191158119400579,-0.4191158119400579
2024-03-15 20:57:00,13885.2,13864.44,0.0,0.0,13885.2,13943.64,-58.43999999999869,-0.4191158119400579,0.0
2024-03-15 23:00:00,13885.2,13885.2,0.0,0.0,13885.2,13943.64,-58.43999999999869,-0.4191158119400579,0.0
2024-03-22 03:38:00,13789.17,13936.24,0.8609,-96.03000000000065,13789.17,13943.64,-154.46999999999935,-1.1078168971660152,-0.6915996888773706
2024-03-22 04:59:00,13789.17,13789.28,0.0,0.0,13789.17,13943.64,-154.46999999999935,-1.1078168971660152,0.0
2024-03-22 05:39:00,13789.17,13789.17,0.0,0.0,13789.17,13943.64,-154.46999999999935,-1.1078168971660152,0.0
2024-04-05 02:08:00,13688.41,13793.24,0.9134,-100.76000000000022,13688.41,13943.64,-255.22999999999956,-1.8304402580674741,-0.7307183826147637
2024-04-05 04:00:00,13688.41,13696.22,0.0,0.0,13688.41,13943.64,-255.22999999999956,-1.8304402580674741,0.0
2024-04-05 04:03:00,13688.41,13688.41,0.0,0.0,13688.41,13943.64,-255.22999999999956,-1.8304402580674741,0.0
2024-04-12 02:07:00,14001.91,13684.78,0.0,313.5,14001.91,14001.91,0.0,0.0,2.290258693303313
2024-04-12 11:00:00,14001.91,13972.65,0.9348,0.0,14001.91,14001.91,0.0,0.0,0.0
2024-04-12 16:42:00,14001.91,14001.91,0.0,0.0,14001.91,14001.91,0.0,0.0,0.0
2024-04-19 03:17:00,14315.96,13939.32,0.0,314.0499999999993,14315.96,14315.96,0.0,0.0,2.242908288940575
2024-04-19 04:32:00,14315.96,14281.2,0.9164,0.0,14315.96,14315.96,0.0,0.0,0.0
2024-04-19 04:34:00,14315.96,14315.96,0.0,0.0,14315.96,14315.96,0.0,0.0,0.0
2024-04-26 04:13:00,14399.34,14245.34,0.0,83.38000000000102,14399.34,14399.34,0.0,0.0,0.5824268857973969
2024-04-26 12:12:00,14399.34,14534.64,0.8827,0.0,14399.34,14399.34,0.0,0.0,0.0
2024-04-26 23:00:00,14399.34,14399.34,0.0,0.0,14399.34,14399.34,0.0,0.0,0.0
2024-05-03 08:06:00,14297.92,14453.13,0.8767,-101.42000000000007,14297.92,14399.34,-101.42000000000007,-0.704337837706451,-0.704337837706451
2024-05-03 15:23:00,14297.92,14309.69,0.0,0.0,14297.92,14399.34,-101.42000000000007,-0.704337837706451,0.0
2024-05-03 15:24:00,14297.92,14297.92,0.0,0.0,14297.92,14399.34,-101.42000000000007,-0.704337837706451,0.0
2024-05-10 02:49:00,14607.68,14285.27,0.0,309.7600000000002,14607.68,14607.68,0.0,0.0,2.1664689689129624
2024-05-10 12:12:00,14607.68,14605.04,0.8839,0.0,14607.68,14607.68,0.0,0.0,0.0
2024-05-10 12:13:00,14607.68,14607.68,0.0,0.0,14607.68,14607.68,0.0,0.0,0.0
2024-05-17 05:55:00,14921.73,14551.69,0.0,314.0499999999993,14921.73,14921.73,0.0,0.0,2.1498964928037805
2024-05-17 16:19:00,14921.73,14894.34,0.8785,0.0,14921.73,14921.73,0.0,0.0,0.0
2024-05-17 17:26:00,14921.73,14921.73,0.0,0.0,14921.73,14921.73,0.0,0.0,0.0
2024-05-24 05:33:00,14956.71,14862.44,0.0,34.97999999999956,14956.71,14956.71,0.0,0.0,0.23442322036385568
2024-05-24 16:32:00,14956.71,15104.33,0.8487,0.0,14956.71,14956.71,0.0,0.0,0.0
2024-05-24 23:00:00,14956.71,14956.71,0.0,0.0,14956.71,14956.71,0.0,0.0,0.0
2024-05-31 16:03:00,14853.64,15131.94,0.8519,-103.06999999999971,14853.64,14956.71,-103.06999999999971,-0.6891221398288776,-0.6891221398288776
2024-05-31 17:44:00,14853.64,14858.81,0.0,0.0,14853.64,14956.71,-103.06999999999971,-0.6891221398288776,0.0
2024-05-31 17:58:00,14853.64,14853.64,0.0,0.0,14853.64,14956.71,-103.06999999999971,-0.6891221398288776,0.0
2024-06-07 05:04:00,14749.03,14768.28,0.0,-104.60999999999876,14749.03,14956.71,-207.67999999999847,-1.38854066168294,-0.7042718148548016
2024-06-07 08:04:00,14749.03,14969.47,0.8734,0.0,14749.03,14956.71,-207.67999999999847,-1.38854066168294,0.0
2024-06-07 11:02:00,14749.03,14749.03,0.0,0.0,14749.03,14956.71,-207.67999999999847,-1.38854066168294,0.0
2024-06-14 03:14:00,15053.07,14728.79,0.0,304.03999999999905,15053.07,15053.07,0.0,0.0,2.061423700406054
2024-06-14 13:49:00,15053.07,15049.22,0.8418,0.0,15053.07,15053.07,0.0,0.0,0.0
2024-06-14 13:50:00,15053.07,15053.07,0.0,0.0,15053.07,15053.07,0.0,0.0,0.0
2024-06-21 14:39:00,14949.23,15152.4,0.8565,-103.84000000000015,14949.23,15053.07,-103.84000000000015,-0.6898260620591026,-0.6898260620591026
2024-06-21 16:32:00,14949.23,14969.91,0.0,0.0,14949.23,15053.07,-103.84000000000015,-0.6898260620591026,0.0
2024-06-21 16:33:00,14949.23,14949.23,0.0,0.0,14949.23,15053.07,-103.84000000000015,-0.6898260620591026,0.0
2024-06-28 04:42:00,14924.37,14860.46,0.0,-24.859999999998763,14924.37,15053.07,-128.6999999999989,-0.8549750981029046,-0.16629619050612482
2024-06-28 16:11:00,14924.37,15087.61,0.8483,0.0,14924.37,15053.07,-128.6999999999989,-0.8549750981029046,0.0
2024-06-28 23:00:00,14924.37,14924.37,0.0,0.0,14924.37,15053.07,-128.6999999999989,-0.8549750981029046,0.0
2024-07-05 15:30:00,15235.45,14834.17,0.0,311.0799999999999,15235.45,15235.45,0.0,0.0,2.08437609091707
2024-07-05 16:45:00,15235.45,15234.13,0.8509,0.0,15235.45,15235.45,0.0,0.0,0.0
2024-07-05 18:17:00,15235.45,15235.45,0.0,0.0,15235.45,15235.45,0.0,0.0,0.0
2024-07-12 03:00:00,15138.95,15264.45,0.7905,-96.5,15138.95,15235.45,-96.5,-0.6333912027541031,-0.6333912027541031
2024-07-12 09:30:00,15138.95,15148.35,0.0,0.0,15138.95,15235.45,-96.5,-0.6333912027541031,0.0
2024-07-12 09:31:00,15138.95,15138.95,0.0,0.0,15138.95,15235.45,-96.5,-0.6333912027541031,0.0
2024-07-19 02:29:00,15041.15,15143.35,0.8072,-97.80000000000109,15041.15,15235.45,-194.3000000000011,-1.2753151367370252,-0.6460157408538972
2024-07-19 03:02:00,15041.15,15058.95,0.0,0.0,15041.15,15235.45,-194.3000000000011,-1.2753151367370252,0.0
2024-07-19 03:03:00,15041.15,15041.15,0.0,0.0,15041.15,15235.45,-194.3000000000011,-1.2753151367370252,0.0
2024-07-26 04:09:00,15292.72,14955.68,0.0,251.5699999999997,15292.72,15292.72,0.0,0.0,1.672544984924688
2024-07-26 17:22:00,15292.72,15339.69,0.8475,0.0,15292.72,15292.72,0.0,0.0,0.0
2024-07-26 23:00:00,15292.72,15292.72,0.0,0.0,15292.72,15292.72,0.0,0.0,0.0
2024-08-02 03:33:00,15194.92,15365.32,0.7956,-97.79999999999927,15194.92,15292.72,-97.79999999999927,-0.6395199807490053,-0.6395199807490053
2024-08-02 04:14:00,15194.92,15212.82,0.0,0.0,15194.92,15292.72,-97.79999999999927,-0.6395199807490053,0.0
2024-08-02 04:16:00,15194.92,15194.92,0.0,0.0,15194.92,15292.72,-97.79999999999927,-0.6395199807490053,0.0
2024-08-09 09:00:00,15225.72,15102.02,0.0,30.799999999999272,15225.72,15292.72,-67.0,-0.4381169602268269,0.20269932319485245
2024-08-09 20:03:00,15225.72,15304.02,0.7927,0.0,15225.72,15292.72,-67.0,-0.4381169602268269,0.0
2024-08-09 23:00:00,15225.72,15225.72,0.0,0.0,15225.72,15292.72,-67.0,-0.4381169602268269,0.0
2024-08-16 06:19:00,15520.32,15185.32,0.0,294.60000000000036,15520.32,15520.32,0.0,0.0,1.9348838675609454
2024-08-16 15:52:00,15520.32,15502.92,0.7917,0.0,15520.32,15520.32,0.0,0.0,0.0
2024-08-16 15:53:00,15520.32,15520.32,0.0,0.0,15520.32,15520.32,0.0,0.0,0.0
2024-08-23 02:05:00,15818.52,15519.02,0.0,298.2000000000007,15818.52,15818.52,0.0,0.0,1.9213521370693436
2024-08-23 17:05:00,15818.52,15790.32,0.7869,0.0,15818.52,15818.52,0.0,0.0,0.0
2024-08-23 17:06:00,15818.52,15818.52,0.0,0.0,15818.52,15818.52,0.0,0.0,0.0
2024-08-30 12:14:00,15717.72,15884.22,0.7934,-100.80000000000109,15717.72,15818.52,-100.80000000000109,-0.6372277558203997,-0.6372277558203997
2024-08-30 17:05:00,15717.72,15726.72,0.0,0.0,15717.72,15818.52,-100.80000000000109,-0.6372277558203997,0.0
2024-08-30 17:29:00,15717.72,15717.72,0.0,0.0,15717.72,15818.52,-100.80000000000109,-0.6372277558203997,0.0
2024-09-06 15:30:00,15617.02,15622.72,0.0,-100.69999999999891,15617.02,15818.52,-201.5,-1.2738233412481066,-0.6406781645174932
2024-09-06 15:37:00,15617.02,15841.12,0.7944,0.0,15617.02,15818.52,-201.5,-1.2738233412481066,0.0
2024-09-06 16:28:00,15617.02,15617.02,0.0,0.0,15617.02,15818.52,-201.5,-1.2738233412481066,0.0
2024-09-13 02:49:00,15864.02,15604.42,0.0,247.0,15864.02,15864.02,0.0,0.0,1.5816077587145305
2024-09-13 20:05:00,15864.02,15898.32,0.8045,0.0,15864.02,15864.02,0.0,0.0,0.0
2024-09-13 23:00:00,15864.02,15864.02,0.0,0.0,15864.02,15864.02,0.0,0.0,0.0
2024-09-20 04:19:00,16174.52,15835.32,0.0,310.5,16174.52,16174.52,0.0,0.0,1.9572592571113754
2024-09-20 15:22:00,16174.52,16167.62,0.8002,0.0,16174.52,16174.52,0.0,0.0,0.0
2024-09-20 15:26:00,16174.52,16174.52,0.0,0.0,16174.52,16174.52,0.0,0.0,0.0
2024-09-27 06:58:00,16078.31,16190.99,0.7427,-96.21000000000095,16078.31,16174.52,-96.21000000000095,-0.5948244522866889,-0.5948244522866889
2024-09-27 10:28:00,16078.31,16081.1,0.0,0.0,16078.31,16174.52,-96.21000000000095,-0.5948244522866889,0.0
2024-09-27 10:29:00,16078.31,16078.31,0.0,0.0,16078.31,16174.52,-96.21000000000095,-0.5948244522866889,0.0
2024-10-04 02:39:00,15982.64,16060.31,0.0,-95.67000000000007,15982.64,16174.52,-191.88000000000102,-1.1863103201826144,-0.5950252234221138
2024-10-04 08:57:00,15982.64,16182.53,0.7386,0.0,15982.64,16174.52,-191.88000000000102,-1.1863103201826144,0.0
2024-10-04 15:30:00,15982.64,15982.64,0.0,0.0,15982.64,16174.52,-191.88000000000102,-1.1863103201826144,0.0
2024-10-11 02:07:00,16298.14,15980.24,0.0,315.5,16298.14,16298.14,0.0,0.0,1.9740168082369371
2024-10-11 19:27:00,16298.14,16295.64,0.8068,0.0,16298.14,16298.14,0.0,0.0,0.0
2024-10-11 19:28:00,16298.14,16298.14,0.0,0.0,16298.14,16298.14,0.0,0.0,0.0
2024-10-18 02:27:00,16541.77,16295.89,0.0,243.63000000000102,16541.77,16541.77,0.0,0.0,1.4948331527401348
2024-10-18 21:55:00,16541.77,16556.62,0.7318,0.0,16541.77,16541.77,0.0,0.0,0.0
2024-10-18 23:00:00,16541.77,16541.77,0.0,0.0,16541.77,16541.77,0.0,0.0,0.0
2024-10-25 02:27:00,16443.31,16544.65,0.7439,-98.45999999999913,16443.31,16541.77,-98.45999999999913,-0.5952204631064216,-0.5952204631064216
2024-10-25 07:26:00,16443.31,16443.58,0.0,0.0,16443.31,16541.77,-98.45999999999913,-0.5952204631064216,0.0
2024-10-25 07:27:00,16443.31,16443.31,0.0,0.0,16443.31,16541.77,-98.45999999999913,-0.5952204631064216,0.0
2024-11-01 16:15:00,16344.49,16588.39,0.745,-98.82000000000153,16344.49,16541.77,-197.28000000000065,-1.192617235035916,-0.600973891509687
2024-11-01 20:40:00,16344.49,16345.39,0.0,0.0,16344.49,16541.77,-197.28000000000065,-1.192617235035916,0.0
2024-11-01 20:48:00,16344.49,16344.49,0.0,0.0,16344.49,16541.77,-197.28000000000065,-1.192617235035916,0.0
2024-11-08 02:20:00,16247.02,16365.19,0.7447,-97.46999999999935,16247.02,16541.77,-294.75,-1.7818528488789291,-0.5963477600096384
2024-11-08 04:00:00,16247.02,16248.91,0.0,0.0,16247.02,16541.77,-294.75,-1.7818528488789291,0.0
2024-11-08 04:01:00,16247.02,16247.02,0.0,0.0,16247.02,16541.77,-294.75,-1.7818528488789291,0.0
2024-11-15 03:08:00,16144.32,16297.32,0.7874,-102.70000000000073,16144.32,16541.77,-397.4500000000007,-2.402705393679157,-0.6321159203349336
2024-11-15 08:10:00,16144.32,16149.82,0.0,0.0,16144.32,16541.77,-397.4500000000007,-2.402705393679157,0.0
2024-11-15 08:11:00,16144.32,16144.32,0.0,0.0,16144.32,16541.77,-397.4500000000007,-2.402705393679157,0.0
2024-11-22 02:05:00,16432.68,16142.07,0.0,288.3600000000006,16432.68,16541.77,-109.09000000000015,-0.6594820264095085,1.7861390259856134
2024-11-22 11:35:00,16432.68,16428.36,0.7314,0.0,16432.68,16541.77,-109.09000000000015,-0.6594820264095085,0.0
2024-11-22 11:36:00,16432.68,16432.68,0.0,0.0,16432.68,16541.77,-109.09000000000015,-0.6594820264095085,0.0
2024-11-29 08:14:00,16329.58,16686.03,0.7114,-103.10000000000036,16329.58,16541.77,-212.1900000000005,-1.2827526921242438,-0.627408310756373
2024-12-02 02:44:00,16329.58,16350.91,0.0,0.0,16329.58,16541.77,-212.1900000000005,-1.2827526921242438,0.0
2024-12-02 03:19:00,16329.58,16329.58,0.0,0.0,16329.58,16541.77,-212.1900000000005,-1.2827526921242438,0.0
2024-12-06 03:08:00,16224.28,16237.68,0.0,-105.29999999999927,16224.28,16541.77,-317.4899999999998,-1.9193230228687728,-0.6448420596243092
2024-12-06 03:08:00,16224.28,16224.28,0.0,0.0,16224.28,16541.77,-317.4899999999998,-1.9193230228687728,0.0
2024-12-13 03:20:00,16127.8,16344.52,0.7377,-96.48000000000138,16127.8,16541.77,-413.97000000000116,-2.5025737874483878,-0.5946642932691089
2024-12-13 11:53:00,16127.8,16128.88,0.0,0.0,16127.8,16541.77,-413.97000000000116,-2.5025737874483878,0.0
2024-12-13 11:54:00,16127.8,16127.8,0.0,0.0,16127.8,16541.77,-413.97000000000116,-2.5025737874483878,0.0
2024-12-20 03:02:00,16439.0,16090.7,0.0,311.2000000000007,16439.0,16541.77,-102.77000000000044,-0.6212757159602657,1.9295874204789292
2024-12-20 17:18:00,16439.0,16432.9,0.7891,0.0,16439.0,16541.77,-102.77000000000044,-0.6212757159602657,0.0
2024-12-20 17:19:00,16439.0,16439.0,0.0,0.0,16439.0,16541.77,-102.77000000000044,-0.6212757159602657,0.0
2024-12-27 09:33:00,16333.7,16498.4,0.7978,-105.29999999999927,16333.7,16541.77,-208.0699999999997,-1.2578460467047947,-0.6405499117951169
2024-12-27 12:40:00,16333.7,16349.6,0.0,0.0,16333.7,16541.77,-208.0699999999997,-1.2578460467047947,0.0
2024-12-27 15:07:00,16333.7,16333.7,0.0,0.0,16333.7,16541.77,-208.0699999999997,-1.2578460467047947,0.0
2025-01-03 05:27:00,16237.94,16375.55,0.7311,-95.76000000000022,16237.94,16541.77,-303.8299999999999,-1.8367441936382862,-0.5862725530651366
2025-01-03 10:35:00,16237.94,16249.28,0.0,0.0,16237.94,16541.77,-303.8299999999999,-1.8367441936382862,0.0
2025-01-03 10:49:00,16237.94,16237.94,0.0,0.0,16237.94,16541.77,-303.8299999999999,-1.8367441936382862,0.0
2025-01-10 15:33:00,16423.16,16184.21,0.0,185.21999999999935,16423.16,16541.77,-118.61000000000058,-0.7170333041748288,1.1406619312548227
2025-01-10 19:46:00,16423.16,16489.49,0.7286,0.0,16423.16,16541.77,-118.61000000000058,-0.7170333041748288,0.0
2025-01-10 23:00:00,16423.16,16423.16,0.0,0.0,16423.16,16541.77,-118.61000000000058,-0.7170333041748288,0.0
2025-01-17 05:08:00,16325.42,16442.6,0.7431,-97.73999999999978,16325.42,16541.77,-216.35000000000036,-1.307901149635138,-0.5951351627823134
2025-01-17 11:55:00,16325.42,16326.68,0.0,0.0,16325.42,16541.77,-216.35000000000036,-1.307901149635138,0.0
2025-01-17 11:56:00,16325.42,16325.42,0.0,0.0,16325.42,16541.77,-216.35000000000036,-1.307901149635138,0.0
2025-01-24 02:11:00,16466.0,16320.83,0.0,140.57999999999993,16466.0,16541.77,-75.77000000000044,-0.4580525542308981,0.861111077081018
2025-01-24 17:36:00,16466.0,16601.81,0.7468,0.0,16466.0,16541.77,-75.77000000000044,-0.4580525542308981,0.0
2025-01-24 23:00:00,16466.0,16466.0,0.0,0.0,16466.0,16541.77,-75.77000000000044,-0.4580525542308981,0.0
2025-01-31 12:33:00,16496.78,16408.31,0.0,30.779999999998836,16496.78,16541.77,-44.9900000000016,-0.27197814985942614,0.18693064496537615
2025-01-31 17:13:00,16496.78,16645.64,0.7562,0.0,16496.78,16541.77,-44.9900000000016,-0.27197814985942614,0.0
2025-01-31 23:00:00,16496.78,16496.78,0.0,0.0,16496.78,16541.77,-44.9900000000016,-0.27197814985942614,0.0
2025-02-07 15:33:00,16507.4,16431.8,0.0,10.62000000000262,16507.4,16541.77,-34.36999999999898,-0.20777703957919244,0.06437619947651978
2025-02-07 17:46:00,16507.4,16744.01,0.7685,0.0,16507.4,16541.77,-34.36999999999898,-0.20777703957919244,0.0
2025-02-07 23:00:00,16507.4,16507.4,0.0,0.0,16507.4,16541.77,-34.36999999999898,-0.20777703957919244,0.0
2025-02-14 12:36:00,16401.92,16596.32,0.7945,-105.4800000000032,16401.92,16541.77,-139.85000000000218,-0.8454355247352743,-0.638986151665333
2025-02-14 15:43:00,16401.92,16433.78,0.0,0.0,16401.92,16541.77,-139.85000000000218,-0.8454355247352743,0.0
2025-02-14 15:44:00,16401.92,16401.92,0.0,0.0,16401.92,16541.77,-139.85000000000218,-0.8454355247352743,0.0
2025-02-21 03:20:00,16296.08,16478.15,0.8032,-105.83999999999833,16296.08,16541.77,-245.6900000000005,-1.485270318714385,-0.6452903074761878
2025-02-21 03:50:00,16296.08,16304.99,0.0,0.0,16296.08,16541.77,-245.6900000000005,-1.485270318714385,0.0
2025-02-21 03:50:00,16296.08,16296.08,0.0,0.0,16296.08,16541.77,-245.6900000000005,-1.485270318714385,0.0
2025-02-28 03:11:00,16192.58,16380.05,0.79,-103.5,16192.58,16541.77,-349.1900000000005,-2.110959105343627,-0.6351220661656055
2025-02-28 05:42:00,16192.58,16192.94,0.0,0.0,16192.58,16541.77,-349.1900000000005,-2.110959105343627,0.0
2025-02-28 05:43:00,16192.58,16192.58,0.0,0.0,16192.58,16541.77,-349.1900000000005,-2.110959105343627,0.0
2025-03-07 02:05:00,16087.82,16195.64,0.8082,-104.76000000000022,16087.82,16541.77,-453.9500000000007,-2.7442649728535744,-0.6469629916912575
2025-03-07 02:09:00,16087.82,16136.69,0.0,0.0,16087.82,16541.77,-453.9500000000007,-2.7442649728535744,0.0
2025-03-07 02:10:00,16087.82,16087.82,0.0,0.0,16087.82,16541.77,-453.9500000000007,-2.7442649728535744,0.0
2025-03-14 13:18:00,16068.86,16236.14,0.7357,-18.959999999999127,16068.86,16541.77,-472.90999999999985,-2.858883904201303,-0.11785313361287687
2025-03-14 18:20:00,16068.86,16023.26,0.0,0.0,16068.86,16541.77,-472.90999999999985,-2.858883904201303,0.0
2025-03-14 23:00:00,16068.86,16068.86,0.0,0.0,16068.86,16541.77,-472.90999999999985,-2.858883904201303,0.0
2025-03-21 03:01:00,15971.42,16080.14,0.7577,-97.44000000000051,15971.42,16541.77,-570.3500000000004,-3.4479381589757345,-0.6063902479703009
2025-03-21 05:17:00,15971.42,15974.06,0.0,0.0,15971.42,16541.77,-570.3500000000004,-3.4479381589757345,0.0
2025-03-21 05:30:00,15971.42,15971.42,0.0,0.0,15971.42,16541.77,-570.3500000000004,-3.4479381589757345,0.0
2025-03-28 02:07:00,16180.7,15968.22,0.0,209.28000000000065,16180.7,16541.77,-361.0699999999997,-2.1827772965045438,1.3103405958894117
2025-03-28 17:05:00,16180.7,16228.94,0.7529,0.0,16180.7,16541.77,-361.0699999999997,-2.1827772965045438,0.0
2025-03-28 23:00:00,16180.7,16180.7,0.0,0.0,16180.7,16541.77,-361.0699999999997,-2.1827772965045438,0.0
2025-04-04 02:53:00,16081.1,16210.46,0.768,-99.60000000000036,16081.1,16541.77,-460.6700000000001,-2.7848894042173242,-0.615548153046533
2025-04-04 05:36:00,16081.1,16088.86,0.0,0.0,16081.1,16541.77,-460.6700000000001,-2.7848894042173242,0.0
2025-04-04 05:37:00,16081.1,16081.1,0.0,0.0,16081.1,16541.77,-460.6700000000001,-2.7848894042173242,0.0
2025-04-11 02:15:00,16387.34,16027.42,0.0,306.2399999999998,16387.34,16541.77,-154.4300000000003,-0.9335760320691213,1.9043473394232968
2025-04-11 12:49:00,16387.34,16382.54,0.7789,0.0,16387.34,16541.77,-154.4300000000003,-0.9335760320691213,0.0
2025-04-11 12:50:00,16387.34,16387.34,0.0,0.0,16387.34,16541.77,-154.4300000000003,-0.9335760320691213,0.0
2025-04-25 02:58:00,16293.26,16297.25,0.0,-94.07999999999993,16293.26,16541.77,-248.51000000000022,-1.5023180711616726,-0.5741017151044643
2025-04-25 04:10:00,16293.26,16411.14,0.7165,0.0,16293.26,16541.77,-248.51000000000022,-1.5023180711616726,0.0
2025-04-25 04:50:00,16293.26,16293.26,0.0,0.0,16293.26,16541.77,-248.51000000000022,-1.5023180711616726,0.0
2025-05-02 03:28:00,16189.58,16318.62,0.7945,-103.68000000000029,16189.58,16541.77,-352.1900000000005,-2.1290950122024457,-0.6363367429231491
2025-05-02 03:54:00,16189.58,16198.06,0.0,0.0,16189.58,16541.77,-352.1900000000005,-2.1290950122024457,0.0
2025-05-02 03:55:00,16189.58,16189.58,0.0,0.0,16189.58,16541.77,-352.1900000000005,-2.1290950122024457,0.0
2025-05-09 03:59:00,16083.42,16225.02,0.8181,-106.15999999999985,16083.42,16541.77,-458.35000000000036,-2.770864302913173,-0.6557304142541058
2025-05-09 04:22:00,16083.42,16084.62,0.0,0.0,16083.42,16541.77,-458.35000000000036,-2.770864302913173,0.0
2025-05-09 04:23:00,16083.42,16083.42,0.0,0.0,16083.42,16541.77,-458.35000000000036,-2.770864302913173,0.0
2025-05-16 02:14:00,15979.66,16119.58,0.8049,-103.76000000000022,15979.66,16541.77,-562.1100000000006,-3.3981248681368474,-0.645136419990277
2025-05-16 03:34:00,15979.66,15988.62,0.0,0.0,15979.66,16541.77,-562.1100000000006,-3.3981248681368474,0.0
2025-05-16 04:08:00,15979.66,15979.66,0.0,0.0,15979.66,16541.77,-562.1100000000006,-3.3981248681368474,0.0
2025-05-23 03:52:00,16296.38,15878.06,0.0,316.71999999999935,16296.38,16541.77,-245.39000000000124,-1.4834567280285074,1.9820196424704868
2025-05-23 14:47:00,16296.38,16290.22,0.8102,0.0,16296.38,16541.77,-245.39000000000124,-1.4834567280285074,0.0
2025-05-23 14:48:00,16296.38,16296.38,0.0,0.0,16296.38,16541.77,-245.39000000000124,-1.4834567280285074,0.0
2025-05-30 04:22:00,16190.3,16360.46,0.8104,-106.07999999999993,16190.3,16541.77,-351.47000000000116,-2.124742394556333,-0.6509421110700655
2025-05-30 05:13:00,16190.3,16199.18,0.0,0.0,16190.3,16541.77,-351.47000000000116,-2.124742394556333,0.0
2025-05-30 05:21:00,16190.3,16190.3,0.0,0.0,16190.3,16541.77,-351.47000000000116,-2.124742394556333,0.0
2025-06-06 08:06:00,16096.22,16302.65,0.7212,-94.07999999999993,16096.22,16541.77,-445.5500000000011,-2.693484433648884,-0.5810886765532444
2025-06-06 15:41:00,16096.22,16096.64,0.0,0.0,16096.22,16541.77,-445.5500000000011,-2.693484433648884,0.0
2025-06-06 15:41:00,16096.22,16096.22,0.0,0.0,16096.22,16541.77,-445.5500000000011,-2.693484433648884,0.0
2025-06-13 02:09:00,16380.42,16089.43,0.0,284.2000000000007,16380.42,16541.77,-161.35000000000036,-0.97540952389013,1.765631930975103
2025-06-13 04:13:00,16380.42,16375.8,0.7231,0.0,16380.42,16541.77,-161.35000000000036,-0.97540952389013,0.0
2025-06-13 04:14:00,16380.42,16380.42,0.0,0.0,16380.42,16541.77,-161.35000000000036,-0.97540952389013,0.0
2025-06-20 02:27:00,16286.2,16415.7,0.7175,-94.21999999999935,16286.2,16541.77,-255.5699999999997,-1.544997905302756,-0.5751989265232476
2025-06-20 05:37:00,16286.2,16290.4,0.0,0.0,16286.2,16541.77,-255.5699999999997,-1.544997905302756,0.0
2025-06-20 05:54:00,16286.2,16286.2,0.0,0.0,16286.2,16541.77,-255.5699999999997,-1.544997905302756,0.0
2025-06-27 02:16:00,16179.88,16297.64,0.8154,-106.32000000000153,16179.88,16541.77,-361.89000000000124,-2.187734444379297,-0.6528226351144006
2025-06-27 05:48:00,16179.88,16181.24,0.0,0.0,16179.88,16541.77,-361.89000000000124,-2.187734444379297,0.0
2025-06-27 05:49:00,16179.88,16179.88,0.0,0.0,16179.88,16541.77,-361.89000000000124,-2.187734444379297,0.0
2025-07-04 09:24:00,16066.07,16308.68,0.8165,-113.80999999999949,16066.07,16541.77,-475.7000000000007,-2.8757502975800096,-0.7034044751876992
2025-07-07 04:08:00,16066.07,16070.87,0.0,0.0,16066.07,16541.77,-475.7000000000007,-2.8757502975800096,0.0
2025-07-07 04:09:00,16066.07,16066.07,0.0,0.0,16066.07,16541.77,-475.7000000000007,-2.8757502975800096,0.0
2025-07-11 02:53:00,16385.19,16060.07,0.0,319.119999999999,16385.19,16541.77,-156.58000000000175,-0.9465734319846169,1.9862978313924873
2025-07-11 17:53:00,16385.19,16370.63,0.8121,0.0,16385.19,16541.77,-156.58000000000175,-0.9465734319846169,0.0
2025-07-11 17:54:00,16385.19,16385.19,0.0,0.0,16385.19,16541.77,-156.58000000000175,-0.9465734319846169,0.0
2025-07-18 09:05:00,16420.96,16304.2,0.0,35.77000000000044,16420.96,16541.77,-120.81000000000131,-0.7303329692046335,0.21830689787546217
2025-07-18 15:53:00,16420.96,16510.91,0.7087,0.0,16420.96,16541.77,-120.81000000000131,-0.7303329692046335,0.0
2025-07-18 23:00:00,16420.96,16420.96,0.0,0.0,16420.96,16541.77,-120.81000000000131,-0.7303329692046335,0.0
2025-07-25 03:47:00,16326.6,16453.72,0.7166,-94.35999999999876,16326.6,16541.77,-215.17000000000007,-1.3007676929373342,-0.5746314466389222
2025-07-25 08:49:00,16326.6,16329.96,0.0,0.0,16326.6,16541.77,-215.17000000000007,-1.3007676929373342,0.0
2025-07-25 08:51:00,16326.6,16326.6,0.0,0.0,16326.6,16541.77,-215.17000000000007,-1.3007676929373342,0.0
2025-08-01 04:58:00,16642.76,16234.2,0.0,316.15999999999804,16642.76,16642.76,0.0,0.0,1.9364717699949654
2025-08-01 15:36:00,16642.76,16632.04,0.792,0.0,16642.76,16642.76,0.0,0.0,0.0
2025-08-01 15:37:00,16642.76,16642.76,0.0,0.0,16642.76,16642.76,0.0,0.0,0.0
2025-08-08 02:05:00,16547.49,16656.62,0.715,-95.2699999999968,16547.49,16642.76,-95.2699999999968,-0.5724411095274871,-0.5724411095274871
2025-08-08 03:40:00,16547.49,16551.97,0.0,0.0,16547.49,16642.76,-95.2699999999968,-0.5724411095274871,0.0
2025-08-08 03:57:00,16547.49,16547.49,0.0,0.0,16547.49,16642.76,-95.2699999999968,-0.5724411095274871,0.0
2025-08-15 02:07:00,16595.49,16541.81,0.0,48.0,16595.49,16642.76,-47.2699999999968,-0.28402740891532896,0.2900742046074661
2025-08-15 08:06:00,16595.49,16673.49,0.7996,0.0,16595.49,16642.76,-47.2699999999968,-0.28402740891532896,0.0
2025-08-15 23:00:00,16595.49,16595.49,0.0,0.0,16595.49,16642.76,-47.2699999999968,-0.28402740891532896,0.0
2025-08-22 04:00:00,16501.97,16605.57,0.7037,-93.52000000000044,16501.97,16642.76,-140.78999999999724,-0.8459534356080196,-0.5635265966838005
2025-08-22 09:46:00,16501.97,16504.28,0.0,0.0,16501.97,16642.76,-140.78999999999724,-0.8459534356080196,0.0
2025-08-22 11:22:00,16501.97,16501.97,0.0,0.0,16501.97,16642.76,-140.78999999999724,-0.8459534356080196,0.0
2025-08-29 14:11:00,16753.9,16414.96,0.0,251.9300000000003,16753.9,16753.9,0.0,0.0,1.5266662101555164
2025-08-29 22:54:00,16753.9,16763.77,0.7133,0.0,16753.9,16753.9,0.0,0.0,0.0
2025-08-29 23:00:00,16753.9,16753.9,0.0,0.0,16753.9,16753.9,0.0,0.0,0.0
2025-09-05 02:10:00,17051.47,16745.29,0.0,297.5699999999997,17051.47,17051.47,0.0,0.0,1.7761237681972537
2025-09-05 15:38:00,17051.47,17040.9,0.7275,0.0,17051.47,17051.47,0.0,0.0,0.0
2025-09-05 15:39:00,17051.47,17051.47,0.0,0.0,17051.47,17051.47,0.0,0.0,0.0
2025-09-12 03:30:00,17113.7,17016.75,0.0,62.22999999999956,17113.7,17113.7,0.0,0.0,0.3649538720122052
2025-09-12 08:18:00,17113.7,17200.57,0.7397,0.0,17113.7,17113.7,0.0,0.0,0.0
2025-09-12 23:00:00,17113.7,17113.7,0.0,0.0,17113.7,17113.7,0.0,0.0,0.0
2025-09-19 04:51:00,17419.6,17048.74,0.0,305.8999999999978,17419.6,17419.6,0.0,0.0,1.7874568328298253
2025-09-19 22:56:00,17419.6,17419.04,0.7317,0.0,17419.6,17419.6,0.0,0.0,0.0
2025-09-19 22:57:00,17419.6,17419.6,0.0,0.0,17419.6,17419.6,0.0,0.0,0.0
2025-09-26 04:07:00,17314.6,17444.66,0.7523,-105.0,17314.6,17419.6,-105.0,-0.6027692943580795,-0.6027692943580795
2025-09-26 06:02:00,17314.6,17318.45,0.0,0.0,17314.6,17419.6,-105.0,-0.6027692943580795,0.0
2025-09-26 06:15:00,17314.6,17314.6,0.0,0.0,17314.6,17419.6,-105.0,-0.6027692943580795,0.0
2025-10-03 02:47:00,17222.02,17347.48,0.6672,-92.57999999999811,17222.02,17419.6,-197.5799999999981,-1.1342395921835067,-0.5346932646437003
2025-10-03 06:19:00,17222.02,17226.16,0.0,0.0,17222.02,17419.6,-197.5799999999981,-1.1342395921835067,0.0
2025-10-03 06:20:00,17222.02,17222.02,0.0,0.0,17222.02,17419.6,-197.5799999999981,-1.1342395921835067,0.0
2025-10-10 03:49:00,17126.62,17333.26,0.6881,-95.40000000000146,17126.62,17419.6,-292.97999999999956,-1.6818985510574271,-0.5539419882220638
2025-10-10 06:46:00,17126.62,17131.54,0.0,0.0,17126.62,17419.6,-292.97999999999956,-1.6818985510574271,0.0
2025-10-10 07:05:00,17126.62,17126.62,0.0,0.0,17126.62,17419.6,-292.97999999999956,-1.6818985510574271,0.0
2025-10-17 02:51:00,17022.22,17303.38,0.7541,-104.39999999999782,17022.22,17419.6,-397.3799999999974,-2.281223449447734,-0.6095773713669003
2025-10-17 04:16:00,17022.22,17066.68,0.0,0.0,17022.22,17419.6,-397.3799999999974,-2.281223449447734,0.0
2025-10-17 04:17:00,17022.22,17022.22,0.0,0.0,17022.22,17419.6,-397.3799999999974,-2.281223449447734,0.0
2025-10-24 04:15:00,16923.34,17175.22,0.7195,-98.88000000000102,16923.34,17419.6,-496.2599999999984,-2.8488599049346623,-0.580887804293453
2025-10-24 09:00:00,16923.34,16923.58,0.0,0.0,16923.34,17419.6,-496.2599999999984,-2.8488599049346623,0.0
2025-10-24 09:02:00,16923.34,16923.34,0.0,0.0,16923.34,17419.6,-496.2599999999984,-2.8488599049346623,0.0
2025-10-31 02:56:00,16826.56,16986.16,0.7122,-96.77999999999884,16826.56,17419.6,-593.0399999999972,-3.4044409745344164,-0.5718729281572008
2025-10-31 04:53:00,16826.56,16842.64,0.0,0.0,16826.56,17419.6,-593.0399999999972,-3.4044409745344164,0.0
2025-10-31 04:54:00,16826.56,16826.56,0.0,0.0,16826.56,17419.6,-593.0399999999972,-3.4044409745344164,0.0
2025-11-07 17:46:00,16926.94,16805.98,0.0,100.37999999999738,16926.94,17419.6,-492.65999999999985,-2.828193529128108,0.5965568719928338
2025-11-07 18:39:00,16926.94,17068.0,0.7008,0.0,16926.94,17419.6,-492.65999999999985,-2.828193529128108,0.0
2025-11-07 23:00:00,16926.94,16926.94,0.0,0.0,16926.94,17419.6,-492.65999999999985,-2.828193529128108,0.0
2025-11-14 05:30:00,16826.56,17092.6,0.7343,-100.37999999999738,16826.56,17419.6,-593.0399999999972,-3.4044409745344164,-0.5930191753500479
2025-11-14 09:02:00,16826.56,16841.68,0.0,0.0,16826.56,17419.6,-593.0399999999972,-3.4044409745344164,0.0
2025-11-14 09:20:00,16826.56,16826.56,0.0,0.0,16826.56,17419.6,-593.0399999999972,-3.4044409745344164,0.0
2025-11-21 02:18:00,16728.76,16856.62,0.7255,-97.80000000000291,16728.76,17419.6,-690.8400000000001,-3.9658775172793876,-0.5812239697240725
2025-11-21 03:33:00,16728.76,16731.94,0.0,0.0,16728.76,17419.6,-690.8400000000001,-3.9658775172793876,0.0
2025-11-21 04:56:00,16728.76,16728.76,0.0,0.0,16728.76,17419.6,-690.8400000000001,-3.9658775172793876,0.0
2025-11-28 10:41:00,17028.7,16649.32,0.0,299.9400000000023,17028.7,17419.6,-390.8999999999978,-2.2440239729959233,1.7929601476738406
2025-11-28 19:53:00,17028.7,17028.58,0.7339,0.0,17028.7,17419.6,-390.8999999999978,-2.2440239729959233,0.0
2025-11-28 19:55:00,17028.7,17028.7,0.0,0.0,17028.7,17419.6,-390.8999999999978,-2.2440239729959233,0.0
2025-12-05 03:11:00,17331.58,16956.64,0.0,302.880000000001,17331.58,17419.6,-88.0199999999968,-0.5052928884704403,1.7786442887595704
2025-12-05 17:38:00,17331.58,17328.7,0.7283,0.0,17331.58,17419.6,-88.0199999999968,-0.5052928884704403,0.0
2025-12-05 17:39:00,17331.58,17331.58,0.0,0.0,17331.58,17419.6,-88.0199999999968,-0.5052928884704403,0.0
2025-12-12 03:28:00,17639.38,17269.3,0.0,307.7999999999993,17639.38,17639.38,0.0,0.0,1.775948874828488
2025-12-12 12:41:00,17639.38,17638.42,0.7271,0.0,17639.38,17639.38,0.0,0.0,0.0
2025-12-12 12:42:00,17639.38,17639.38,0.0,0.0,17639.38,17639.38,0.0,0.0,0.0
2025-12-19 03:23:00,17535.34,17543.62,0.0,-104.04000000000087,17535.34,17639.38,-104.04000000000087,-0.5898166488844895,-0.5898166488844895
2025-12-19 03:24:00,17535.34,17535.34,0.0,0.0,17535.34,17639.38,-104.04000000000087,-0.5898166488844895,0.0
2025-12-26 04:32:00,17738.62,17504.86,0.0,203.27999999999884,17738.62,17738.62,0.0,0.0,1.159258959335826
2025-12-26 18:08:00,17738.62,17850.64,0.7558,0.0,17738.62,17738.62,0.0,0.0,0.0
2025-12-26 23:00:00,17738.62,17738.62,0.0,0.0,17738.62,17738.62,0.0,0.0,0.0
2025-12-30 23:58:00,17738.62,17738.62,0.0,0.0,17738.62,17738.62,0.0,0.0,0.0
